zeitpunkt,station_id,grund
2021-08-25 07:57:00,10,kein Rad verfuegbar
2021-08-25 08:48:00,10,kein Rad verfuegbar
2021-08-25 08:51:00,10,kein Rad verfuegbar
2021-08-31 17:34:00,10,kein Rad verfuegbar
2021-08-31 17:59:00,10,kein Rad verfuegbar
2021-08-31 18:25:00,10,kein Rad verfuegbar
2021-09-02 16:31:00,10,kein Rad verfuegbar
2021-09-02 20:51:00,5,kein Rad verfuegbar
2021-09-02 21:19:00,5,kein Rad verfuegbar
2021-09-03 07:03:00,10,kein Rad verfuegbar
2021-09-03 07:36:00,10,kein Rad verfuegbar
2021-09-03 08:46:00,10,kein Rad verfuegbar
2021-09-03 08:54:00,10,kein Rad verfuegbar
2021-09-03 09:15:00,10,kein Rad verfuegbar
2021-09-03 11:37:00,5,kein Rad verfuegbar
2021-09-03 11:53:00,5,kein Rad verfuegbar
2021-09-03 16:52:00,2,kein Rad verfuegbar
2021-09-04 13:46:00,2,kein Rad verfuegbar
2021-09-04 14:00:00,2,kein Rad verfuegbar
2021-09-04 15:45:00,2,kein Rad verfuegbar
2021-09-04 18:11:00,6,kein Rad verfuegbar
2021-09-04 18:33:00,6,kein Rad verfuegbar
2021-09-05 13:01:00,10,kein Rad verfuegbar
2021-09-05 16:36:00,6,kein Rad verfuegbar
2021-09-05 17:04:00,6,kein Rad verfuegbar
2021-09-05 21:55:00,10,kein Rad verfuegbar
2021-09-06 17:14:00,10,kein Rad verfuegbar
2021-09-07 09:28:00,9,kein Rad verfuegbar
2021-09-07 09:51:00,10,kein Rad verfuegbar
2021-09-07 10:17:00,6,kein Rad verfuegbar
2021-09-07 11:07:00,10,kein Rad verfuegbar
2021-09-07 15:03:00,6,kein Rad verfuegbar
2021-09-07 15:33:00,6,kein Rad verfuegbar
2021-09-07 17:44:00,2,kein Rad verfuegbar
2021-09-07 18:58:00,10,kein Rad verfuegbar
2021-09-07 19:57:00,10,kein Rad verfuegbar
2021-09-08 09:52:00,10,kein Rad verfuegbar
2021-09-08 10:44:00,2,kein Rad verfuegbar
2021-09-08 11:01:00,7,kein Rad verfuegbar
2021-09-08 11:15:00,7,kein Rad verfuegbar
2021-09-08 12:43:00,10,kein Rad verfuegbar
2021-09-08 16:34:00,2,kein Rad verfuegbar
2021-09-08 18:14:00,2,kein Rad verfuegbar
2021-09-08 18:14:00,10,kein Rad verfuegbar
2021-09-08 20:00:00,2,kein Rad verfuegbar
2021-09-08 20:58:00,2,kein Rad verfuegbar
2021-09-09 07:59:00,10,kein Rad verfuegbar
2021-09-09 08:02:00,10,kein Rad verfuegbar
2021-09-09 08:17:00,10,kein Rad verfuegbar
2021-09-09 08:28:00,10,kein Rad verfuegbar
2021-09-09 10:04:00,10,kein Rad verfuegbar
2021-09-09 11:15:00,10,kein Rad verfuegbar
2021-09-09 11:23:00,5,kein Rad verfuegbar
2021-09-09 12:01:00,2,kein Rad verfuegbar
2021-09-09 13:12:00,2,kein Rad verfuegbar
2021-09-09 14:59:00,2,kein Rad verfuegbar
2021-09-09 18:54:00,2,kein Rad verfuegbar
2021-09-09 21:19:00,2,kein Rad verfuegbar
2021-09-10 07:45:00,10,kein Rad verfuegbar
2021-09-10 08:03:00,10,kein Rad verfuegbar
2021-09-10 08:24:00,10,kein Rad verfuegbar
2021-09-10 12:50:00,5,kein Rad verfuegbar
2021-09-10 13:55:00,5,kein Rad verfuegbar
2021-09-10 15:55:00,2,kein Rad verfuegbar
2021-09-10 18:06:00,2,kein Rad verfuegbar
2021-09-10 21:10:00,2,kein Rad verfuegbar
2021-09-11 08:09:00,5,kein Rad verfuegbar
2021-09-11 09:49:00,5,kein Rad verfuegbar
2021-09-11 11:11:00,2,kein Rad verfuegbar
2021-09-11 11:57:00,2,kein Rad verfuegbar
2021-09-11 12:36:00,5,kein Rad verfuegbar
2021-09-11 12:39:00,2,kein Rad verfuegbar
2021-09-11 16:56:00,5,kein Rad verfuegbar
2021-09-11 17:38:00,2,kein Rad verfuegbar
2021-09-12 12:11:00,4,kein Rad verfuegbar
2021-09-12 12:51:00,4,kein Rad verfuegbar
2021-09-12 12:55:00,4,kein Rad verfuegbar
2021-09-12 13:08:00,4,kein Rad verfuegbar
2021-09-12 13:19:00,4,kein Rad verfuegbar
2021-09-12 13:56:00,4,kein Rad verfuegbar
2021-09-12 15:16:00,4,kein Rad verfuegbar
2021-09-12 16:05:00,7,kein Rad verfuegbar
2021-09-12 18:11:00,2,kein Rad verfuegbar
2021-09-12 18:41:00,4,kein Rad verfuegbar
2021-09-12 19:32:00,4,kein Rad verfuegbar
2021-09-13 08:33:00,10,kein Rad verfuegbar
2021-09-13 11:47:00,7,kein Rad verfuegbar
2021-09-13 11:55:00,2,kein Rad verfuegbar
2021-09-13 20:54:00,2,kein Rad verfuegbar
2021-09-14 07:35:00,2,kein Rad verfuegbar
2021-09-14 08:43:00,2,kein Rad verfuegbar
2021-09-14 08:59:00,10,kein Rad verfuegbar
2021-09-14 09:25:00,10,kein Rad verfuegbar
2021-09-14 10:49:00,2,kein Rad verfuegbar
2021-09-14 11:30:00,4,kein Rad verfuegbar
2021-09-14 11:34:00,10,kein Rad verfuegbar
2021-09-14 12:44:00,10,kein Rad verfuegbar
2021-09-16 07:48:00,10,kein Rad verfuegbar
2021-09-16 08:06:00,10,kein Rad verfuegbar
2021-09-16 08:53:00,10,kein Rad verfuegbar
2021-09-16 16:44:00,10,kein Rad verfuegbar
2021-09-17 12:07:00,5,kein Rad verfuegbar
2021-09-17 12:51:00,5,kein Rad verfuegbar
2021-09-17 18:50:00,10,kein Rad verfuegbar
2021-09-18 10:38:00,2,kein Rad verfuegbar
2021-09-18 11:20:00,2,kein Rad verfuegbar
2021-09-18 14:12:00,10,kein Rad verfuegbar
2021-09-19 16:50:00,6,kein Rad verfuegbar
2021-09-19 17:36:00,6,kein Rad verfuegbar
2021-09-21 17:03:00,5,kein Rad verfuegbar
2021-09-22 11:34:00,10,kein Rad verfuegbar
2021-09-22 14:04:00,10,kein Rad verfuegbar
2021-09-22 16:14:00,10,kein Rad verfuegbar
2021-09-22 17:51:00,10,kein Rad verfuegbar
2021-09-23 08:59:00,10,kein Rad verfuegbar
2021-09-23 14:43:00,10,kein Rad verfuegbar
2021-09-23 15:41:00,10,kein Rad verfuegbar
2021-09-23 16:14:00,10,kein Rad verfuegbar
2021-09-23 18:28:00,10,kein Rad verfuegbar
2021-09-24 14:49:00,10,kein Rad verfuegbar
2021-09-24 15:58:00,2,kein Rad verfuegbar
2021-09-24 17:20:00,5,kein Rad verfuegbar
2021-09-24 17:25:00,5,kein Rad verfuegbar
2021-09-24 17:49:00,5,kein Rad verfuegbar
2021-09-24 17:56:00,6,kein Rad verfuegbar
2021-09-24 19:11:00,5,kein Rad verfuegbar
2021-09-25 09:36:00,2,kein Rad verfuegbar
2021-09-25 12:57:00,5,kein Rad verfuegbar
2021-09-25 13:06:00,2,kein Rad verfuegbar
2021-09-25 13:36:00,6,kein Rad verfuegbar
2021-09-25 17:15:00,6,kein Rad verfuegbar
2021-09-25 17:38:00,6,kein Rad verfuegbar
2021-09-25 17:47:00,5,kein Rad verfuegbar
2021-09-25 18:22:00,6,kein Rad verfuegbar
2021-09-25 20:30:00,5,kein Rad verfuegbar
2021-09-26 16:19:00,2,kein Rad verfuegbar
2021-09-26 21:31:00,6,kein Rad verfuegbar
2021-09-26 21:40:00,6,kein Rad verfuegbar
2021-09-27 08:02:00,10,kein Rad verfuegbar
2021-09-27 08:18:00,10,kein Rad verfuegbar
2021-09-27 08:22:00,10,kein Rad verfuegbar
2021-09-27 08:47:00,5,kein Rad verfuegbar
2021-09-27 09:44:00,10,kein Rad verfuegbar
2021-09-27 11:14:00,10,kein Rad verfuegbar
2021-09-27 12:17:00,2,kein Rad verfuegbar
2021-09-27 17:09:00,10,kein Rad verfuegbar
2021-09-27 17:14:00,10,kein Rad verfuegbar
2021-09-27 17:34:00,10,kein Rad verfuegbar
2021-09-27 17:42:00,6,kein Rad verfuegbar
2021-09-27 19:36:00,2,kein Rad verfuegbar
2021-09-27 20:49:00,2,kein Rad verfuegbar
2021-09-28 08:59:00,10,kein Rad verfuegbar
2021-09-28 09:32:00,10,kein Rad verfuegbar
2021-09-28 09:53:00,2,kein Rad verfuegbar
2021-09-28 12:31:00,10,kein Rad verfuegbar
2021-09-28 18:09:00,9,kein Rad verfuegbar
2021-09-28 20:07:00,9,kein Rad verfuegbar
2021-09-29 09:03:00,7,kein Rad verfuegbar
2021-09-29 09:42:00,10,kein Rad verfuegbar
2021-09-29 12:50:00,7,kein Rad verfuegbar
2021-09-29 13:52:00,10,kein Rad verfuegbar
2021-09-29 15:28:00,2,kein Rad verfuegbar
2021-09-29 15:49:00,2,kein Rad verfuegbar
2021-09-30 09:13:00,2,kein Rad verfuegbar
2021-09-30 12:24:00,6,kein Rad verfuegbar
2021-09-30 16:53:00,10,kein Rad verfuegbar
2021-09-30 18:09:00,10,kein Rad verfuegbar
2021-09-30 18:30:00,10,kein Rad verfuegbar
2021-10-01 07:29:00,10,kein Rad verfuegbar
2021-10-01 07:53:00,10,kein Rad verfuegbar
2021-10-01 08:01:00,5,kein Rad verfuegbar
2021-10-01 08:24:00,5,kein Rad verfuegbar
2021-10-01 09:26:00,10,kein Rad verfuegbar
2021-10-01 10:28:00,10,kein Rad verfuegbar
2021-10-01 10:36:00,5,kein Rad verfuegbar
2021-10-01 10:42:00,5,kein Rad verfuegbar
2021-10-01 10:55:00,5,kein Rad verfuegbar
2021-10-01 11:19:00,5,kein Rad verfuegbar
2021-10-01 12:09:00,5,kein Rad verfuegbar
2021-10-01 12:35:00,10,kein Rad verfuegbar
2021-10-01 17:11:00,7,kein Rad verfuegbar
2021-10-01 18:09:00,9,kein Rad verfuegbar
2021-10-01 18:09:00,7,kein Rad verfuegbar
2021-10-01 18:41:00,10,kein Rad verfuegbar
2021-10-01 18:59:00,10,kein Rad verfuegbar
2021-10-02 07:54:00,10,kein Rad verfuegbar
2021-10-02 14:38:00,10,kein Rad verfuegbar
2021-10-02 17:42:00,6,kein Rad verfuegbar
2021-10-02 18:34:00,6,kein Rad verfuegbar
2021-10-02 19:13:00,6,kein Rad verfuegbar
2021-10-02 20:25:00,9,kein Rad verfuegbar
2021-10-02 20:54:00,6,kein Rad verfuegbar
2021-10-02 22:43:00,6,kein Rad verfuegbar
2021-10-02 22:50:00,6,kein Rad verfuegbar
2021-10-03 11:50:00,6,kein Rad verfuegbar
2021-10-03 12:05:00,9,kein Rad verfuegbar
2021-10-03 12:38:00,5,kein Rad verfuegbar
2021-10-03 13:33:00,6,kein Rad verfuegbar
2021-10-03 14:53:00,6,kein Rad verfuegbar
2021-10-03 15:02:00,6,kein Rad verfuegbar
2021-10-03 15:14:00,6,kein Rad verfuegbar
2021-10-03 16:03:00,6,kein Rad verfuegbar
2021-10-03 17:03:00,6,kein Rad verfuegbar
2021-10-03 17:05:00,2,kein Rad verfuegbar
2021-10-03 18:21:00,2,kein Rad verfuegbar
2021-10-03 19:14:00,10,kein Rad verfuegbar
2021-10-03 19:30:00,9,kein Rad verfuegbar
2021-10-03 19:34:00,2,kein Rad verfuegbar
2021-10-03 19:39:00,9,kein Rad verfuegbar
2021-10-04 08:36:00,10,kein Rad verfuegbar
2021-10-04 10:51:00,9,kein Rad verfuegbar
2021-10-04 12:09:00,10,kein Rad verfuegbar
2021-10-04 12:09:00,5,kein Rad verfuegbar
2021-10-04 12:26:00,10,kein Rad verfuegbar
2021-10-04 14:08:00,5,kein Rad verfuegbar
2021-10-04 15:32:00,10,kein Rad verfuegbar
2021-10-04 16:07:00,9,kein Rad verfuegbar
2021-10-04 20:10:00,5,kein Rad verfuegbar
2021-10-05 08:33:00,5,kein Rad verfuegbar
2021-10-05 10:57:00,7,kein Rad verfuegbar
2021-10-05 12:31:00,5,kein Rad verfuegbar
2021-10-05 22:36:00,5,kein Rad verfuegbar
2021-10-06 07:57:00,10,kein Rad verfuegbar
2021-10-06 08:06:00,10,kein Rad verfuegbar
2021-10-06 08:21:00,10,kein Rad verfuegbar
2021-10-06 10:24:00,5,kein Rad verfuegbar
2021-10-06 10:29:00,10,kein Rad verfuegbar
2021-10-06 10:46:00,9,kein Rad verfuegbar
2021-10-06 10:55:00,9,kein Rad verfuegbar
2021-10-06 11:17:00,5,kein Rad verfuegbar
2021-10-06 11:47:00,2,kein Rad verfuegbar
2021-10-06 12:53:00,9,kein Rad verfuegbar
2021-10-06 18:57:00,9,kein Rad verfuegbar
2021-10-06 22:21:00,2,kein Rad verfuegbar
2021-10-07 07:46:00,9,kein Rad verfuegbar
2021-10-07 07:58:00,5,kein Rad verfuegbar
2021-10-07 08:39:00,5,kein Rad verfuegbar
2021-10-07 08:43:00,10,kein Rad verfuegbar
2021-10-07 09:24:00,10,kein Rad verfuegbar
2021-10-07 10:52:00,5,kein Rad verfuegbar
2021-10-07 11:55:00,2,kein Rad verfuegbar
2021-10-08 06:32:00,2,kein Rad verfuegbar
2021-10-08 07:33:00,5,kein Rad verfuegbar
2021-10-08 07:39:00,2,kein Rad verfuegbar
2021-10-08 08:40:00,5,kein Rad verfuegbar
2021-10-08 09:46:00,7,kein Rad verfuegbar
2021-10-08 10:01:00,9,kein Rad verfuegbar
2021-10-08 10:14:00,2,kein Rad verfuegbar
2021-10-08 21:15:00,2,kein Rad verfuegbar
2021-10-08 22:18:00,2,kein Rad verfuegbar
2021-10-09 16:53:00,6,kein Rad verfuegbar
2021-10-10 18:58:00,5,kein Rad verfuegbar
2021-10-12 11:01:00,10,kein Rad verfuegbar
2021-10-14 16:23:00,10,kein Rad verfuegbar
2021-10-14 17:51:00,7,kein Rad verfuegbar
2021-10-14 18:38:00,7,kein Rad verfuegbar
2021-10-15 08:29:00,10,kein Rad verfuegbar
2021-10-15 10:19:00,10,kein Rad verfuegbar
2021-10-15 11:23:00,10,kein Rad verfuegbar
2021-10-15 17:11:00,5,kein Rad verfuegbar
2021-10-16 10:38:00,5,kein Rad verfuegbar
2021-10-16 11:30:00,5,kein Rad verfuegbar
2021-10-16 18:48:00,5,kein Rad verfuegbar
2021-10-16 19:40:00,5,kein Rad verfuegbar
2021-10-16 22:54:00,5,kein Rad verfuegbar
2021-10-17 15:04:00,7,kein Rad verfuegbar
2021-10-18 10:02:00,10,kein Rad verfuegbar
2021-10-18 21:04:00,2,kein Rad verfuegbar
2021-10-19 07:54:00,2,kein Rad verfuegbar
2021-10-19 11:21:00,5,kein Rad verfuegbar
2021-10-27 11:13:00,7,kein Rad verfuegbar
2021-10-27 12:48:00,5,kein Rad verfuegbar
2021-10-27 14:25:00,5,kein Rad verfuegbar
2021-10-27 17:27:00,7,kein Rad verfuegbar
2021-10-27 21:47:00,5,kein Rad verfuegbar
2021-10-28 10:44:00,5,kein Rad verfuegbar
2021-10-28 11:18:00,5,kein Rad verfuegbar
2021-10-28 11:38:00,5,kein Rad verfuegbar
2021-10-28 14:30:00,2,kein Rad verfuegbar
2021-10-29 05:07:00,2,kein Rad verfuegbar
2021-10-29 08:10:00,10,kein Rad verfuegbar
2021-10-29 08:27:00,7,kein Rad verfuegbar
2021-10-29 10:08:00,5,kein Rad verfuegbar
2021-10-29 10:18:00,5,kein Rad verfuegbar
2021-10-29 10:52:00,5,kein Rad verfuegbar
2021-10-29 18:59:00,7,kein Rad verfuegbar
2021-10-31 18:49:00,5,kein Rad verfuegbar
2021-10-31 22:12:00,6,kein Rad verfuegbar
2021-11-02 15:12:00,10,kein Rad verfuegbar
2021-11-02 16:51:00,10,kein Rad verfuegbar
2021-11-03 19:48:00,2,kein Rad verfuegbar
2021-11-03 19:56:00,2,kein Rad verfuegbar
2021-11-06 08:33:00,6,kein Rad verfuegbar
2021-11-06 21:17:00,2,kein Rad verfuegbar
2021-11-07 09:48:00,2,kein Rad verfuegbar
2021-11-07 12:23:00,6,kein Rad verfuegbar
2021-11-07 13:08:00,6,kein Rad verfuegbar
2021-11-07 17:27:00,6,kein Rad verfuegbar
2021-11-08 12:22:00,5,kein Rad verfuegbar
2021-11-08 13:03:00,5,kein Rad verfuegbar
2021-11-08 13:15:00,5,kein Rad verfuegbar
2021-11-08 19:41:00,5,kein Rad verfuegbar
2021-11-09 10:23:00,5,kein Rad verfuegbar
2021-11-09 12:57:00,5,kein Rad verfuegbar
2021-11-09 19:14:00,2,kein Rad verfuegbar
2021-11-10 12:33:00,2,kein Rad verfuegbar
2021-11-10 20:15:00,2,kein Rad verfuegbar
2021-11-11 09:23:00,2,kein Rad verfuegbar
2021-11-11 10:11:00,2,kein Rad verfuegbar
2021-11-14 14:55:00,4,kein Rad verfuegbar
2021-11-14 15:26:00,4,kein Rad verfuegbar
2021-11-14 15:48:00,6,kein Rad verfuegbar
2021-11-15 07:23:00,5,kein Rad verfuegbar
2021-11-15 08:40:00,5,kein Rad verfuegbar
2021-11-15 09:03:00,5,kein Rad verfuegbar
2021-11-15 12:21:00,5,kein Rad verfuegbar
2021-11-15 12:49:00,5,kein Rad verfuegbar
2021-11-15 13:14:00,2,kein Rad verfuegbar
2021-11-18 19:51:00,5,kein Rad verfuegbar
2021-11-19 18:22:00,10,kein Rad verfuegbar
2021-11-20 11:24:00,2,kein Rad verfuegbar
2021-11-20 17:55:00,4,kein Rad verfuegbar
2021-11-21 14:47:00,4,kein Rad verfuegbar
2021-11-21 15:44:00,4,kein Rad verfuegbar
2021-11-22 14:07:00,2,kein Rad verfuegbar
2021-11-24 08:26:00,7,kein Rad verfuegbar
2021-11-25 10:51:00,10,kein Rad verfuegbar
2021-11-25 11:26:00,10,kein Rad verfuegbar
2021-11-26 07:37:00,10,kein Rad verfuegbar
2021-11-26 09:42:00,5,kein Rad verfuegbar
2021-11-28 11:27:00,5,kein Rad verfuegbar
2021-11-28 19:37:00,5,kein Rad verfuegbar
2021-11-29 07:39:00,10,kein Rad verfuegbar
2021-11-29 08:31:00,10,kein Rad verfuegbar
2021-12-01 08:07:00,10,kein Rad verfuegbar
2021-12-01 09:19:00,10,kein Rad verfuegbar
2021-12-01 11:52:00,10,kein Rad verfuegbar
2021-12-01 18:59:00,5,kein Rad verfuegbar
2021-12-02 17:09:00,4,kein Rad verfuegbar
2021-12-03 10:22:00,7,kein Rad verfuegbar
2021-12-03 11:37:00,7,kein Rad verfuegbar
2021-12-03 18:34:00,7,kein Rad verfuegbar
2022-01-01 15:29:00,6,kein Rad verfuegbar
2022-01-18 12:33:00,10,kein Rad verfuegbar
2022-02-09 08:26:00,10,kein Rad verfuegbar
2022-02-09 10:09:00,10,kein Rad verfuegbar
2022-02-09 10:40:00,10,kein Rad verfuegbar
2022-04-15 20:32:00,10,kein Rad verfuegbar
2022-05-09 11:24:00,10,kein Rad verfuegbar
2022-05-09 12:50:00,10,kein Rad verfuegbar
2022-05-11 11:53:00,10,kein Rad verfuegbar
2022-05-13 18:42:00,10,kein Rad verfuegbar
2022-05-13 19:36:00,10,kein Rad verfuegbar
2022-05-14 16:12:00,10,kein Rad verfuegbar
2022-05-14 17:34:00,10,kein Rad verfuegbar
2022-05-17 21:08:00,10,kein Rad verfuegbar
2022-05-18 10:20:00,10,kein Rad verfuegbar
2022-05-18 11:09:00,10,kein Rad verfuegbar
2022-05-18 12:04:00,10,kein Rad verfuegbar
2022-05-18 12:41:00,10,kein Rad verfuegbar
2022-05-18 17:34:00,10,kein Rad verfuegbar
2022-05-19 20:28:00,2,kein Rad verfuegbar
2022-05-19 20:40:00,2,kein Rad verfuegbar
2022-05-20 10:44:00,10,kein Rad verfuegbar
2022-05-20 11:23:00,10,kein Rad verfuegbar
2022-05-20 11:51:00,5,kein Rad verfuegbar
2022-05-20 12:17:00,5,kein Rad verfuegbar
2022-05-26 12:16:00,7,kein Rad verfuegbar
2022-06-10 10:17:00,10,kein Rad verfuegbar
2022-06-11 12:08:00,5,kein Rad verfuegbar
2022-06-11 14:14:00,5,kein Rad verfuegbar
2022-06-12 15:37:00,6,kein Rad verfuegbar
2022-06-12 15:49:00,6,kein Rad verfuegbar
2022-06-12 15:58:00,6,kein Rad verfuegbar
2022-06-12 17:03:00,6,kein Rad verfuegbar
2022-06-12 17:46:00,6,kein Rad verfuegbar
2022-06-12 18:07:00,6,kein Rad verfuegbar
2022-06-12 18:21:00,6,kein Rad verfuegbar
2022-06-12 20:20:00,6,kein Rad verfuegbar
2022-06-14 12:49:00,10,kein Rad verfuegbar
2022-06-21 12:41:00,10,kein Rad verfuegbar
2022-06-22 17:23:00,10,kein Rad verfuegbar
2022-06-23 11:12:00,2,kein Rad verfuegbar
2022-06-23 11:34:00,10,kein Rad verfuegbar
2022-06-23 11:39:00,2,kein Rad verfuegbar
2022-06-23 11:58:00,10,kein Rad verfuegbar
2022-06-23 12:08:00,2,kein Rad verfuegbar
2022-06-23 12:10:00,10,kein Rad verfuegbar
2022-06-23 12:11:00,2,kein Rad verfuegbar
2022-06-26 18:16:00,2,kein Rad verfuegbar
2022-06-28 11:56:00,10,kein Rad verfuegbar
2022-06-28 12:45:00,10,kein Rad verfuegbar
2022-06-30 11:39:00,5,kein Rad verfuegbar
2022-06-30 11:55:00,5,kein Rad verfuegbar
2022-07-08 12:37:00,5,kein Rad verfuegbar
2022-07-08 12:43:00,5,kein Rad verfuegbar
2022-07-12 12:31:00,5,kein Rad verfuegbar
2022-07-13 12:35:00,10,kein Rad verfuegbar
2022-07-13 15:44:00,5,kein Rad verfuegbar
2022-07-13 15:50:00,5,kein Rad verfuegbar
2022-07-13 17:30:00,5,kein Rad verfuegbar
2022-07-13 17:31:00,10,kein Rad verfuegbar
2022-07-13 20:17:00,5,kein Rad verfuegbar
2022-07-15 10:04:00,5,kein Rad verfuegbar
2022-07-15 10:37:00,5,kein Rad verfuegbar
2022-07-15 11:07:00,5,kein Rad verfuegbar
2022-07-15 11:54:00,7,kein Rad verfuegbar
2022-07-15 12:08:00,7,kein Rad verfuegbar
2022-07-15 12:20:00,7,kein Rad verfuegbar
2022-07-15 12:31:00,5,kein Rad verfuegbar
2022-07-15 12:38:00,5,kein Rad verfuegbar
2022-07-15 17:20:00,10,kein Rad verfuegbar
2022-07-15 18:14:00,10,kein Rad verfuegbar
2022-07-15 18:25:00,10,kein Rad verfuegbar
2022-07-15 18:26:00,10,kein Rad verfuegbar
2022-07-17 22:58:00,6,kein Rad verfuegbar
2022-07-18 12:52:00,10,kein Rad verfuegbar
2022-07-19 09:59:00,10,kein Rad verfuegbar
2022-07-19 10:20:00,10,kein Rad verfuegbar
2022-07-19 10:54:00,10,kein Rad verfuegbar
2022-07-19 17:45:00,10,kein Rad verfuegbar
2022-07-19 17:51:00,10,kein Rad verfuegbar
2022-07-20 08:38:00,10,kein Rad verfuegbar
2022-07-20 08:41:00,10,kein Rad verfuegbar
2022-07-20 10:20:00,10,kein Rad verfuegbar
2022-07-20 10:29:00,10,kein Rad verfuegbar
2022-07-20 12:00:00,10,kein Rad verfuegbar
2022-07-20 12:46:00,10,kein Rad verfuegbar
2022-07-22 11:21:00,10,kein Rad verfuegbar
2022-07-22 11:32:00,10,kein Rad verfuegbar
2022-07-22 12:39:00,10,kein Rad verfuegbar
2022-07-28 11:48:00,5,kein Rad verfuegbar
2022-07-28 12:10:00,5,kein Rad verfuegbar
2022-07-28 12:22:00,5,kein Rad verfuegbar
2022-07-31 18:47:00,6,kein Rad verfuegbar
2022-08-06 16:39:00,4,kein Rad verfuegbar
2022-08-06 17:01:00,4,kein Rad verfuegbar
2022-08-06 17:19:00,4,kein Rad verfuegbar
2022-08-06 17:49:00,4,kein Rad verfuegbar
2022-08-08 18:39:00,10,kein Rad verfuegbar
2022-08-08 18:48:00,10,kein Rad verfuegbar
2022-08-09 11:58:00,10,kein Rad verfuegbar
2022-08-09 12:16:00,5,kein Rad verfuegbar
2022-08-10 10:13:00,10,kein Rad verfuegbar
2022-08-10 12:17:00,10,kein Rad verfuegbar
2022-08-10 12:36:00,10,kein Rad verfuegbar
2022-08-10 18:52:00,10,kein Rad verfuegbar
2022-08-10 18:55:00,10,kein Rad verfuegbar
2022-08-10 19:25:00,10,kein Rad verfuegbar
2022-08-10 21:47:00,10,kein Rad verfuegbar
2022-08-11 19:48:00,5,kein Rad verfuegbar
2022-08-12 08:58:00,10,kein Rad verfuegbar
2022-08-12 12:44:00,10,kein Rad verfuegbar
2022-08-15 08:53:00,10,kein Rad verfuegbar
2022-08-15 08:55:00,10,kein Rad verfuegbar
2022-08-15 11:50:00,10,kein Rad verfuegbar
2022-08-15 12:58:00,10,kein Rad verfuegbar
2022-08-16 12:15:00,5,kein Rad verfuegbar
2022-08-28 17:55:00,4,kein Rad verfuegbar
2022-08-28 18:08:00,4,kein Rad verfuegbar
2022-08-29 10:26:00,10,kein Rad verfuegbar
2022-08-29 11:51:00,10,kein Rad verfuegbar
2022-08-29 12:03:00,10,kein Rad verfuegbar
2022-08-31 10:41:00,10,kein Rad verfuegbar
2022-08-31 10:54:00,10,kein Rad verfuegbar
2022-09-02 11:15:00,10,kein Rad verfuegbar
2022-09-02 11:43:00,10,kein Rad verfuegbar
2022-09-02 18:18:00,7,kein Rad verfuegbar
2022-09-02 18:18:00,7,kein Rad verfuegbar
2022-09-04 19:35:00,6,kein Rad verfuegbar
2022-09-04 22:14:00,6,kein Rad verfuegbar
2022-09-06 18:10:00,10,kein Rad verfuegbar
2022-10-06 12:56:00,10,kein Rad verfuegbar
2022-10-07 11:38:00,10,kein Rad verfuegbar
2022-10-07 12:48:00,10,kein Rad verfuegbar
2022-10-08 17:46:00,4,kein Rad verfuegbar
2022-10-08 19:02:00,4,kein Rad verfuegbar
2022-10-26 10:42:00,10,kein Rad verfuegbar
2022-11-10 11:14:00,10,kein Rad verfuegbar
2022-11-15 12:34:00,10,kein Rad verfuegbar
2023-01-01 17:08:00,4,kein Rad verfuegbar
2023-01-01 17:36:00,4,kein Rad verfuegbar
2023-01-02 10:57:00,5,kein Rad verfuegbar
2023-03-18 15:09:00,6,kein Rad verfuegbar
2023-03-18 18:36:00,4,kein Rad verfuegbar
2023-03-18 19:41:00,4,kein Rad verfuegbar
2023-03-18 22:12:00,4,kein Rad verfuegbar
2023-04-10 15:21:00,4,kein Rad verfuegbar
2023-04-10 15:22:00,4,kein Rad verfuegbar
2023-04-18 08:15:00,2,kein Rad verfuegbar
2023-04-18 11:40:00,2,kein Rad verfuegbar
2023-04-18 12:28:00,2,kein Rad verfuegbar
2023-04-19 11:34:00,2,kein Rad verfuegbar
2023-04-27 12:14:00,2,kein Rad verfuegbar
2023-05-03 11:32:00,10,kein Rad verfuegbar
2023-05-03 12:45:00,10,kein Rad verfuegbar
2023-05-03 12:57:00,10,kein Rad verfuegbar
2023-05-03 13:56:00,10,kein Rad verfuegbar
2023-05-03 17:48:00,5,kein Rad verfuegbar
2023-05-04 08:53:00,2,kein Rad verfuegbar
2023-05-04 11:03:00,2,kein Rad verfuegbar
2023-05-04 12:47:00,2,kein Rad verfuegbar
2023-05-04 17:23:00,2,kein Rad verfuegbar
2023-05-04 20:56:00,5,kein Rad verfuegbar
2023-05-04 21:38:00,5,kein Rad verfuegbar
2023-05-05 11:05:00,7,kein Rad verfuegbar
2023-05-05 12:01:00,7,kein Rad verfuegbar
2023-05-05 17:29:00,2,kein Rad verfuegbar
2023-05-06 18:37:00,4,kein Rad verfuegbar
2023-05-09 10:58:00,2,kein Rad verfuegbar
2023-05-17 11:15:00,10,kein Rad verfuegbar
2023-05-17 11:41:00,10,kein Rad verfuegbar
2023-05-17 12:40:00,10,kein Rad verfuegbar
2023-05-23 13:30:00,10,kein Rad verfuegbar
2023-05-23 14:47:00,10,kein Rad verfuegbar
2023-05-23 15:13:00,2,kein Rad verfuegbar
2023-05-23 15:14:00,2,kein Rad verfuegbar
2023-05-23 15:19:00,2,kein Rad verfuegbar
2023-05-23 15:26:00,10,kein Rad verfuegbar
2023-05-23 15:49:00,2,kein Rad verfuegbar
2023-05-23 16:06:00,2,kein Rad verfuegbar
2023-05-23 17:07:00,2,kein Rad verfuegbar
2023-05-23 17:11:00,2,kein Rad verfuegbar
2023-05-23 17:14:00,10,kein Rad verfuegbar
2023-05-23 17:56:00,10,kein Rad verfuegbar
2023-05-23 18:09:00,2,kein Rad verfuegbar
2023-05-23 18:57:00,10,kein Rad verfuegbar
2023-05-23 19:03:00,5,kein Rad verfuegbar
2023-05-23 19:25:00,5,kein Rad verfuegbar
2023-05-23 19:49:00,2,kein Rad verfuegbar
2023-05-23 19:51:00,2,kein Rad verfuegbar
2023-05-23 20:43:00,2,kein Rad verfuegbar
2023-05-23 22:32:00,10,kein Rad verfuegbar
2023-05-23 22:38:00,5,kein Rad verfuegbar
2023-05-24 10:39:00,5,kein Rad verfuegbar
2023-05-24 11:14:00,5,kein Rad verfuegbar
2023-05-24 11:24:00,5,kein Rad verfuegbar
2023-05-24 17:59:00,4,kein Rad verfuegbar
2023-05-25 10:12:00,2,kein Rad verfuegbar
2023-05-25 10:21:00,5,kein Rad verfuegbar
2023-05-25 10:40:00,5,kein Rad verfuegbar
2023-05-25 11:22:00,5,kein Rad verfuegbar
2023-05-25 11:39:00,2,kein Rad verfuegbar
2023-05-25 11:49:00,2,kein Rad verfuegbar
2023-05-25 12:07:00,5,kein Rad verfuegbar
2023-05-25 12:28:00,2,kein Rad verfuegbar
2023-05-25 12:30:00,5,kein Rad verfuegbar
2023-05-25 12:48:00,2,kein Rad verfuegbar
2023-05-26 12:58:00,7,kein Rad verfuegbar
2023-05-26 21:54:00,5,kein Rad verfuegbar
2023-05-26 22:42:00,5,kein Rad verfuegbar
2023-05-27 16:45:00,6,kein Rad verfuegbar
2023-05-31 10:37:00,5,kein Rad verfuegbar
2023-05-31 11:05:00,5,kein Rad verfuegbar
2023-05-31 11:29:00,5,kein Rad verfuegbar
2023-05-31 12:27:00,5,kein Rad verfuegbar
2023-06-01 08:26:00,7,kein Rad verfuegbar
2023-06-01 08:31:00,7,kein Rad verfuegbar
2023-06-01 08:45:00,7,kein Rad verfuegbar
2023-06-01 09:26:00,7,kein Rad verfuegbar
2023-06-01 10:16:00,7,kein Rad verfuegbar
2023-06-01 11:57:00,7,kein Rad verfuegbar
2023-06-02 18:28:00,10,kein Rad verfuegbar
2023-06-02 18:38:00,10,kein Rad verfuegbar
2023-06-04 18:49:00,6,kein Rad verfuegbar
2023-06-04 18:57:00,6,kein Rad verfuegbar
2023-06-04 19:15:00,6,kein Rad verfuegbar
2023-06-08 15:30:00,4,kein Rad verfuegbar
2023-06-08 17:46:00,4,kein Rad verfuegbar
2023-06-08 17:47:00,4,kein Rad verfuegbar
2023-06-08 17:58:00,4,kein Rad verfuegbar
2023-06-08 18:03:00,4,kein Rad verfuegbar
2023-06-08 18:03:00,4,kein Rad verfuegbar
2023-06-08 18:09:00,4,kein Rad verfuegbar
2023-06-08 18:09:00,4,kein Rad verfuegbar
2023-06-12 11:18:00,2,kein Rad verfuegbar
2023-06-12 11:48:00,2,kein Rad verfuegbar
2023-06-12 12:29:00,2,kein Rad verfuegbar
2023-06-12 12:36:00,2,kein Rad verfuegbar
2023-06-13 12:54:00,10,kein Rad verfuegbar
2023-06-14 19:17:00,2,kein Rad verfuegbar
2023-06-14 19:25:00,2,kein Rad verfuegbar
2023-06-15 11:45:00,10,kein Rad verfuegbar
2023-06-15 17:48:00,10,kein Rad verfuegbar
2023-06-16 18:12:00,7,kein Rad verfuegbar
2023-06-16 18:38:00,7,kein Rad verfuegbar
2023-06-16 18:47:00,7,kein Rad verfuegbar
2023-06-17 15:15:00,4,kein Rad verfuegbar
2023-06-17 18:12:00,4,kein Rad verfuegbar
2023-06-18 19:05:00,2,kein Rad verfuegbar
2023-06-19 11:59:00,2,kein Rad verfuegbar
2023-06-19 12:05:00,2,kein Rad verfuegbar
2023-06-21 09:08:00,10,kein Rad verfuegbar
2023-06-21 09:16:00,10,kein Rad verfuegbar
2023-06-21 09:22:00,5,kein Rad verfuegbar
2023-06-21 09:25:00,5,kein Rad verfuegbar
2023-06-21 09:47:00,5,kein Rad verfuegbar
2023-06-21 09:48:00,5,kein Rad verfuegbar
2023-06-21 09:56:00,10,kein Rad verfuegbar
2023-06-21 10:09:00,10,kein Rad verfuegbar
2023-06-21 10:29:00,10,kein Rad verfuegbar
2023-06-21 10:34:00,2,kein Rad verfuegbar
2023-06-21 10:48:00,5,kein Rad verfuegbar
2023-06-21 10:50:00,5,kein Rad verfuegbar
2023-06-21 10:50:00,5,kein Rad verfuegbar
2023-06-21 10:57:00,2,kein Rad verfuegbar
2023-06-21 11:03:00,5,kein Rad verfuegbar
2023-06-21 11:31:00,2,kein Rad verfuegbar
2023-06-21 11:37:00,10,kein Rad verfuegbar
2023-06-21 11:37:00,2,kein Rad verfuegbar
2023-06-21 11:51:00,2,kein Rad verfuegbar
2023-06-21 11:53:00,5,kein Rad verfuegbar
2023-06-21 12:03:00,5,kein Rad verfuegbar
2023-06-21 12:43:00,2,kein Rad verfuegbar
2023-06-21 12:52:00,2,kein Rad verfuegbar
2023-06-22 09:03:00,2,kein Rad verfuegbar
2023-06-22 09:41:00,10,kein Rad verfuegbar
2023-06-22 10:12:00,10,kein Rad verfuegbar
2023-06-22 10:43:00,2,kein Rad verfuegbar
2023-06-22 10:50:00,2,kein Rad verfuegbar
2023-06-22 10:53:00,10,kein Rad verfuegbar
2023-06-22 11:00:00,2,kein Rad verfuegbar
2023-06-22 11:03:00,2,kein Rad verfuegbar
2023-06-22 11:03:00,5,kein Rad verfuegbar
2023-06-22 11:10:00,5,kein Rad verfuegbar
2023-06-22 11:28:00,10,kein Rad verfuegbar
2023-06-22 12:36:00,5,kein Rad verfuegbar
2023-06-22 12:37:00,2,kein Rad verfuegbar
2023-06-22 12:42:00,10,kein Rad verfuegbar
2023-06-22 12:44:00,2,kein Rad verfuegbar
2023-06-22 12:59:00,5,kein Rad verfuegbar
2023-06-22 16:37:00,5,kein Rad verfuegbar
2023-06-22 17:08:00,5,kein Rad verfuegbar
2023-06-22 21:35:00,4,kein Rad verfuegbar
2023-06-22 21:38:00,4,kein Rad verfuegbar
2023-06-23 17:36:00,10,kein Rad verfuegbar
2023-06-23 18:50:00,10,kein Rad verfuegbar
2023-06-24 17:28:00,4,kein Rad verfuegbar
2023-06-24 17:28:00,4,kein Rad verfuegbar
2023-06-25 18:08:00,6,kein Rad verfuegbar
2023-06-25 18:26:00,6,kein Rad verfuegbar
2023-06-25 18:40:00,6,kein Rad verfuegbar
2023-06-25 19:37:00,6,kein Rad verfuegbar
2023-06-26 10:09:00,10,kein Rad verfuegbar
2023-06-26 11:04:00,10,kein Rad verfuegbar
2023-06-26 19:00:00,2,kein Rad verfuegbar
2023-06-26 19:46:00,2,kein Rad verfuegbar
2023-06-26 21:41:00,2,kein Rad verfuegbar
2023-06-26 21:58:00,2,kein Rad verfuegbar
2023-06-27 10:52:00,2,kein Rad verfuegbar
2023-06-27 10:58:00,2,kein Rad verfuegbar
2023-06-27 11:21:00,5,kein Rad verfuegbar
2023-06-27 11:29:00,5,kein Rad verfuegbar
2023-06-27 11:43:00,2,kein Rad verfuegbar
2023-06-27 12:02:00,2,kein Rad verfuegbar
2023-06-27 12:32:00,2,kein Rad verfuegbar
2023-06-27 12:34:00,2,kein Rad verfuegbar
2023-06-27 12:42:00,2,kein Rad verfuegbar
2023-06-27 12:45:00,5,kein Rad verfuegbar
2023-06-27 12:56:00,5,kein Rad verfuegbar
2023-06-27 12:56:00,5,kein Rad verfuegbar
2023-06-27 13:35:00,6,kein Rad verfuegbar
2023-06-27 13:35:00,6,kein Rad verfuegbar
2023-06-27 14:10:00,6,kein Rad verfuegbar
2023-06-27 15:16:00,6,kein Rad verfuegbar
2023-06-27 16:07:00,5,kein Rad verfuegbar
2023-06-27 16:47:00,4,kein Rad verfuegbar
2023-06-27 16:52:00,4,kein Rad verfuegbar
2023-06-27 16:54:00,4,kein Rad verfuegbar
2023-06-27 16:58:00,5,kein Rad verfuegbar
2023-06-27 16:59:00,5,kein Rad verfuegbar
2023-06-27 17:59:00,5,kein Rad verfuegbar
2023-06-27 18:23:00,6,kein Rad verfuegbar
2023-06-27 18:27:00,6,kein Rad verfuegbar
2023-06-27 18:55:00,6,kein Rad verfuegbar
2023-06-27 19:20:00,6,kein Rad verfuegbar
2023-06-27 19:27:00,5,kein Rad verfuegbar
2023-06-27 19:45:00,5,kein Rad verfuegbar
2023-06-27 19:59:00,5,kein Rad verfuegbar
2023-06-27 20:55:00,6,kein Rad verfuegbar
2023-06-27 20:57:00,6,kein Rad verfuegbar
2023-06-27 21:31:00,6,kein Rad verfuegbar
2023-06-28 08:10:00,10,kein Rad verfuegbar
2023-06-28 08:31:00,10,kein Rad verfuegbar
2023-06-28 08:33:00,10,kein Rad verfuegbar
2023-06-28 08:37:00,10,kein Rad verfuegbar
2023-06-28 08:48:00,10,kein Rad verfuegbar
2023-06-28 08:50:00,10,kein Rad verfuegbar
2023-06-28 09:21:00,7,kein Rad verfuegbar
2023-06-28 09:23:00,10,kein Rad verfuegbar
2023-06-28 09:39:00,10,kein Rad verfuegbar
2023-06-28 09:43:00,7,kein Rad verfuegbar
2023-06-28 09:44:00,7,kein Rad verfuegbar
2023-06-28 10:04:00,7,kein Rad verfuegbar
2023-06-28 10:46:00,10,kein Rad verfuegbar
2023-06-28 11:34:00,10,kein Rad verfuegbar
2023-06-28 12:03:00,10,kein Rad verfuegbar
2023-06-28 12:12:00,2,kein Rad verfuegbar
2023-06-28 12:29:00,10,kein Rad verfuegbar
2023-06-28 12:44:00,10,kein Rad verfuegbar
2023-06-28 12:54:00,2,kein Rad verfuegbar
2023-06-28 12:57:00,10,kein Rad verfuegbar
2023-06-28 16:58:00,4,kein Rad verfuegbar
2023-06-28 17:04:00,4,kein Rad verfuegbar
2023-06-28 17:08:00,4,kein Rad verfuegbar
2023-06-28 18:06:00,6,kein Rad verfuegbar
2023-06-28 18:11:00,4,kein Rad verfuegbar
2023-06-28 18:39:00,4,kein Rad verfuegbar
2023-06-28 19:17:00,6,kein Rad verfuegbar
2023-06-28 19:44:00,6,kein Rad verfuegbar
2023-06-28 20:12:00,4,kein Rad verfuegbar
2023-06-28 20:24:00,6,kein Rad verfuegbar
2023-06-28 22:44:00,4,kein Rad verfuegbar
2023-06-28 22:45:00,6,kein Rad verfuegbar
2023-06-29 07:34:00,10,kein Rad verfuegbar
2023-06-29 08:09:00,10,kein Rad verfuegbar
2023-06-29 08:19:00,10,kein Rad verfuegbar
2023-06-29 08:35:00,10,kein Rad verfuegbar
2023-06-29 08:38:00,10,kein Rad verfuegbar
2023-06-29 08:39:00,10,kein Rad verfuegbar
2023-06-29 08:41:00,10,kein Rad verfuegbar
2023-06-29 08:54:00,5,kein Rad verfuegbar
2023-06-29 09:06:00,10,kein Rad verfuegbar
2023-06-29 09:08:00,5,kein Rad verfuegbar
2023-06-29 09:27:00,10,kein Rad verfuegbar
2023-06-29 09:35:00,5,kein Rad verfuegbar
2023-06-29 09:38:00,10,kein Rad verfuegbar
2023-06-29 09:48:00,10,kein Rad verfuegbar
2023-06-29 09:58:00,10,kein Rad verfuegbar
2023-06-29 09:59:00,5,kein Rad verfuegbar
2023-06-29 10:21:00,10,kein Rad verfuegbar
2023-06-29 10:29:00,7,kein Rad verfuegbar
2023-06-29 10:51:00,10,kein Rad verfuegbar
2023-06-29 10:57:00,2,kein Rad verfuegbar
2023-06-29 10:59:00,7,kein Rad verfuegbar
2023-06-29 11:09:00,10,kein Rad verfuegbar
2023-06-29 11:11:00,5,kein Rad verfuegbar
2023-06-29 11:12:00,5,kein Rad verfuegbar
2023-06-29 11:24:00,7,kein Rad verfuegbar
2023-06-29 11:36:00,5,kein Rad verfuegbar
2023-06-29 11:42:00,2,kein Rad verfuegbar
2023-06-29 11:46:00,10,kein Rad verfuegbar
2023-06-29 12:02:00,10,kein Rad verfuegbar
2023-06-29 12:08:00,10,kein Rad verfuegbar
2023-06-29 12:23:00,5,kein Rad verfuegbar
2023-06-29 12:31:00,7,kein Rad verfuegbar
2023-06-29 12:39:00,2,kein Rad verfuegbar
2023-06-29 12:58:00,10,kein Rad verfuegbar
2023-06-29 16:41:00,4,kein Rad verfuegbar
2023-06-29 17:27:00,4,kein Rad verfuegbar
2023-06-29 17:30:00,2,kein Rad verfuegbar
2023-06-29 17:46:00,4,kein Rad verfuegbar
2023-06-29 18:52:00,4,kein Rad verfuegbar
2023-06-29 20:39:00,4,kein Rad verfuegbar
2023-06-29 22:30:00,10,kein Rad verfuegbar
2023-06-30 09:49:00,10,kein Rad verfuegbar
2023-06-30 10:06:00,10,kein Rad verfuegbar
2023-06-30 11:14:00,10,kein Rad verfuegbar
2023-06-30 11:17:00,10,kein Rad verfuegbar
2023-06-30 11:37:00,10,kein Rad verfuegbar
2023-06-30 11:45:00,10,kein Rad verfuegbar
2023-06-30 11:46:00,10,kein Rad verfuegbar
2023-06-30 11:59:00,10,kein Rad verfuegbar
2023-06-30 12:39:00,5,kein Rad verfuegbar
2023-06-30 12:59:00,2,kein Rad verfuegbar
2023-06-30 18:41:00,10,kein Rad verfuegbar
2023-06-30 22:12:00,2,kein Rad verfuegbar
2023-07-01 12:27:00,4,kein Rad verfuegbar
2023-07-01 12:34:00,4,kein Rad verfuegbar
2023-07-01 13:10:00,4,kein Rad verfuegbar
2023-07-01 13:13:00,4,kein Rad verfuegbar
2023-07-01 13:13:00,4,kein Rad verfuegbar
2023-07-01 13:20:00,4,kein Rad verfuegbar
2023-07-01 13:35:00,4,kein Rad verfuegbar
2023-07-01 13:36:00,4,kein Rad verfuegbar
2023-07-01 14:08:00,4,kein Rad verfuegbar
2023-07-01 14:44:00,4,kein Rad verfuegbar
2023-07-01 14:57:00,4,kein Rad verfuegbar
2023-07-01 15:12:00,4,kein Rad verfuegbar
2023-07-01 15:55:00,4,kein Rad verfuegbar
2023-07-01 15:59:00,4,kein Rad verfuegbar
2023-07-01 16:19:00,4,kein Rad verfuegbar
2023-07-01 18:02:00,6,kein Rad verfuegbar
2023-07-01 18:24:00,6,kein Rad verfuegbar
2023-07-01 19:12:00,2,kein Rad verfuegbar
2023-07-01 19:15:00,2,kein Rad verfuegbar
2023-07-01 19:44:00,2,kein Rad verfuegbar
2023-07-02 13:18:00,4,kein Rad verfuegbar
2023-07-02 13:46:00,4,kein Rad verfuegbar
2023-07-02 13:48:00,4,kein Rad verfuegbar
2023-07-02 14:23:00,4,kein Rad verfuegbar
2023-07-02 14:31:00,4,kein Rad verfuegbar
2023-07-02 15:19:00,4,kein Rad verfuegbar
2023-07-02 15:24:00,4,kein Rad verfuegbar
2023-07-02 15:28:00,4,kein Rad verfuegbar
2023-07-02 15:29:00,4,kein Rad verfuegbar
2023-07-02 15:29:00,4,kein Rad verfuegbar
2023-07-02 15:33:00,4,kein Rad verfuegbar
2023-07-02 15:34:00,6,kein Rad verfuegbar
2023-07-02 15:53:00,6,kein Rad verfuegbar
2023-07-02 15:53:00,6,kein Rad verfuegbar
2023-07-02 16:19:00,6,kein Rad verfuegbar
2023-07-02 16:38:00,6,kein Rad verfuegbar
2023-07-02 16:49:00,4,kein Rad verfuegbar
2023-07-02 16:53:00,4,kein Rad verfuegbar
2023-07-02 16:53:00,4,kein Rad verfuegbar
2023-07-02 16:55:00,6,kein Rad verfuegbar
2023-07-02 17:05:00,4,kein Rad verfuegbar
2023-07-02 17:28:00,6,kein Rad verfuegbar
2023-07-02 17:31:00,4,kein Rad verfuegbar
2023-07-02 17:49:00,6,kein Rad verfuegbar
2023-07-02 17:57:00,6,kein Rad verfuegbar
2023-07-02 17:59:00,6,kein Rad verfuegbar
2023-07-02 18:04:00,4,kein Rad verfuegbar
2023-07-02 18:14:00,6,kein Rad verfuegbar
2023-07-02 18:15:00,4,kein Rad verfuegbar
2023-07-02 18:16:00,4,kein Rad verfuegbar
2023-07-02 18:17:00,4,kein Rad verfuegbar
2023-07-02 18:22:00,6,kein Rad verfuegbar
2023-07-02 18:25:00,6,kein Rad verfuegbar
2023-07-02 18:32:00,6,kein Rad verfuegbar
2023-07-02 18:32:00,6,kein Rad verfuegbar
2023-07-02 19:57:00,4,kein Rad verfuegbar
2023-07-02 19:58:00,4,kein Rad verfuegbar
2023-07-02 20:18:00,4,kein Rad verfuegbar
2023-07-02 20:19:00,4,kein Rad verfuegbar
2023-07-02 20:59:00,6,kein Rad verfuegbar
2023-07-02 21:03:00,6,kein Rad verfuegbar
2023-07-03 09:04:00,10,kein Rad verfuegbar
2023-07-03 10:21:00,5,kein Rad verfuegbar
2023-07-03 10:46:00,10,kein Rad verfuegbar
2023-07-03 10:47:00,5,kein Rad verfuegbar
2023-07-03 10:49:00,10,kein Rad verfuegbar
2023-07-03 10:53:00,5,kein Rad verfuegbar
2023-07-03 11:01:00,5,kein Rad verfuegbar
2023-07-03 11:04:00,10,kein Rad verfuegbar
2023-07-03 11:15:00,10,kein Rad verfuegbar
2023-07-03 11:23:00,5,kein Rad verfuegbar
2023-07-03 11:42:00,10,kein Rad verfuegbar
2023-07-03 11:46:00,10,kein Rad verfuegbar
2023-07-03 12:06:00,5,kein Rad verfuegbar
2023-07-03 12:08:00,2,kein Rad verfuegbar
2023-07-03 12:09:00,5,kein Rad verfuegbar
2023-07-03 12:50:00,2,kein Rad verfuegbar
2023-07-04 11:54:00,10,kein Rad verfuegbar
2023-07-04 11:56:00,10,kein Rad verfuegbar
2023-07-04 12:06:00,10,kein Rad verfuegbar
2023-07-04 12:08:00,10,kein Rad verfuegbar
2023-07-04 12:15:00,5,kein Rad verfuegbar
2023-07-04 12:30:00,5,kein Rad verfuegbar
2023-07-04 12:33:00,10,kein Rad verfuegbar
2023-07-04 12:35:00,7,kein Rad verfuegbar
2023-07-04 12:47:00,5,kein Rad verfuegbar
2023-07-04 12:57:00,10,kein Rad verfuegbar
2023-07-04 12:58:00,2,kein Rad verfuegbar
2023-07-04 12:59:00,7,kein Rad verfuegbar
2023-07-04 16:09:00,6,kein Rad verfuegbar
2023-07-04 16:26:00,6,kein Rad verfuegbar
2023-07-04 17:00:00,6,kein Rad verfuegbar
2023-07-04 17:14:00,6,kein Rad verfuegbar
2023-07-04 17:35:00,10,kein Rad verfuegbar
2023-07-04 17:36:00,10,kein Rad verfuegbar
2023-07-04 18:07:00,10,kein Rad verfuegbar
2023-07-04 21:17:00,5,kein Rad verfuegbar
2023-07-05 12:32:00,2,kein Rad verfuegbar
2023-07-05 12:45:00,2,kein Rad verfuegbar
2023-07-05 18:08:00,10,kein Rad verfuegbar
2023-07-05 18:24:00,10,kein Rad verfuegbar
2023-07-05 18:25:00,10,kein Rad verfuegbar
2023-07-05 18:50:00,10,kein Rad verfuegbar
2023-07-06 08:41:00,10,kein Rad verfuegbar
2023-07-06 09:20:00,5,kein Rad verfuegbar
2023-07-06 09:45:00,5,kein Rad verfuegbar
2023-07-06 10:05:00,10,kein Rad verfuegbar
2023-07-06 10:17:00,5,kein Rad verfuegbar
2023-07-06 10:17:00,5,kein Rad verfuegbar
2023-07-06 10:27:00,2,kein Rad verfuegbar
2023-07-06 10:27:00,2,kein Rad verfuegbar
2023-07-06 10:39:00,2,kein Rad verfuegbar
2023-07-06 10:45:00,2,kein Rad verfuegbar
2023-07-06 11:21:00,2,kein Rad verfuegbar
2023-07-06 11:23:00,10,kein Rad verfuegbar
2023-07-06 11:27:00,5,kein Rad verfuegbar
2023-07-06 11:27:00,5,kein Rad verfuegbar
2023-07-06 11:53:00,5,kein Rad verfuegbar
2023-07-06 12:40:00,2,kein Rad verfuegbar
2023-07-06 12:49:00,5,kein Rad verfuegbar
2023-07-06 12:50:00,5,kein Rad verfuegbar
2023-07-06 22:50:00,4,kein Rad verfuegbar
2023-07-07 09:28:00,10,kein Rad verfuegbar
2023-07-07 09:41:00,10,kein Rad verfuegbar
2023-07-07 09:42:00,10,kein Rad verfuegbar
2023-07-07 11:15:00,5,kein Rad verfuegbar
2023-07-07 11:18:00,10,kein Rad verfuegbar
2023-07-07 11:30:00,5,kein Rad verfuegbar
2023-07-07 11:37:00,5,kein Rad verfuegbar
2023-07-07 11:52:00,5,kein Rad verfuegbar
2023-07-07 12:17:00,2,kein Rad verfuegbar
2023-07-07 20:20:00,2,kein Rad verfuegbar
2023-07-08 15:13:00,6,kein Rad verfuegbar
2023-07-08 15:42:00,6,kein Rad verfuegbar
2023-07-08 15:51:00,6,kein Rad verfuegbar
2023-07-08 16:06:00,6,kein Rad verfuegbar
2023-07-09 20:23:00,4,kein Rad verfuegbar
2023-07-13 09:25:00,2,kein Rad verfuegbar
2023-07-13 09:43:00,2,kein Rad verfuegbar
2023-07-13 10:02:00,2,kein Rad verfuegbar
2023-07-13 10:51:00,2,kein Rad verfuegbar
2023-07-13 11:37:00,2,kein Rad verfuegbar
2023-07-13 12:39:00,2,kein Rad verfuegbar
2023-07-13 12:49:00,2,kein Rad verfuegbar
2023-07-13 21:24:00,10,kein Rad verfuegbar
2023-07-14 12:42:00,5,kein Rad verfuegbar
2023-07-14 17:58:00,10,kein Rad verfuegbar
2023-07-14 18:25:00,10,kein Rad verfuegbar
2023-07-14 18:30:00,10,kein Rad verfuegbar
2023-07-14 21:11:00,10,kein Rad verfuegbar
2023-07-17 10:33:00,10,kein Rad verfuegbar
2023-07-17 10:36:00,10,kein Rad verfuegbar
2023-07-17 11:53:00,10,kein Rad verfuegbar
2023-07-17 12:44:00,5,kein Rad verfuegbar
2023-07-18 08:54:00,10,kein Rad verfuegbar
2023-07-18 08:55:00,10,kein Rad verfuegbar
2023-07-18 09:49:00,5,kein Rad verfuegbar
2023-07-18 10:18:00,10,kein Rad verfuegbar
2023-07-18 10:22:00,5,kein Rad verfuegbar
2023-07-18 10:38:00,5,kein Rad verfuegbar
2023-07-18 11:18:00,10,kein Rad verfuegbar
2023-07-18 11:38:00,10,kein Rad verfuegbar
2023-07-18 12:32:00,10,kein Rad verfuegbar
2023-07-18 18:53:00,10,kein Rad verfuegbar
2023-07-19 11:38:00,10,kein Rad verfuegbar
2023-07-19 11:39:00,10,kein Rad verfuegbar
2023-07-20 10:11:00,5,kein Rad verfuegbar
2023-07-20 10:41:00,5,kein Rad verfuegbar
2023-07-20 11:18:00,5,kein Rad verfuegbar
2023-07-20 11:57:00,5,kein Rad verfuegbar
2023-07-20 12:20:00,5,kein Rad verfuegbar
2023-07-20 12:50:00,5,kein Rad verfuegbar
2023-07-20 19:44:00,2,kein Rad verfuegbar
2023-07-20 19:57:00,2,kein Rad verfuegbar
2023-07-20 20:09:00,2,kein Rad verfuegbar
2023-07-21 11:13:00,5,kein Rad verfuegbar
2023-07-21 12:18:00,2,kein Rad verfuegbar
2023-08-10 12:55:00,10,kein Rad verfuegbar
2023-08-19 12:42:00,4,kein Rad verfuegbar
2023-08-20 13:25:00,6,kein Rad verfuegbar
2023-08-20 13:46:00,6,kein Rad verfuegbar
2023-08-20 14:01:00,6,kein Rad verfuegbar
2023-08-20 14:22:00,6,kein Rad verfuegbar
2023-08-20 15:51:00,6,kein Rad verfuegbar
2023-08-20 16:11:00,6,kein Rad verfuegbar
2023-08-20 16:14:00,6,kein Rad verfuegbar
2023-08-20 16:26:00,6,kein Rad verfuegbar
2023-08-20 16:44:00,6,kein Rad verfuegbar
2023-08-20 16:51:00,6,kein Rad verfuegbar
2023-08-20 22:57:00,2,kein Rad verfuegbar
2023-08-22 09:52:00,2,kein Rad verfuegbar
2023-08-22 10:44:00,2,kein Rad verfuegbar
2023-08-22 11:29:00,2,kein Rad verfuegbar
2023-08-23 11:52:00,5,kein Rad verfuegbar
2023-08-23 11:59:00,5,kein Rad verfuegbar
2023-08-23 12:42:00,5,kein Rad verfuegbar
2023-08-23 12:53:00,5,kein Rad verfuegbar
2023-08-24 17:17:00,10,kein Rad verfuegbar
2023-08-24 18:09:00,10,kein Rad verfuegbar
2023-08-24 20:54:00,10,kein Rad verfuegbar
2023-08-25 09:11:00,10,kein Rad verfuegbar
2023-08-25 11:16:00,10,kein Rad verfuegbar
2023-08-27 21:47:00,4,kein Rad verfuegbar
2023-08-27 21:57:00,4,kein Rad verfuegbar
2023-08-28 11:04:00,2,kein Rad verfuegbar
2023-09-02 16:49:00,4,kein Rad verfuegbar
2023-09-03 20:45:00,5,kein Rad verfuegbar
2023-09-05 08:52:00,5,kein Rad verfuegbar
2023-09-05 08:55:00,10,kein Rad verfuegbar
2023-09-05 09:10:00,5,kein Rad verfuegbar
2023-09-05 09:27:00,5,kein Rad verfuegbar
2023-09-05 09:51:00,10,kein Rad verfuegbar
2023-09-05 10:26:00,10,kein Rad verfuegbar
2023-09-05 10:33:00,5,kein Rad verfuegbar
2023-09-05 11:05:00,10,kein Rad verfuegbar
2023-09-05 12:20:00,5,kein Rad verfuegbar
2023-09-05 17:13:00,6,kein Rad verfuegbar
2023-09-05 18:32:00,6,kein Rad verfuegbar
2023-09-06 08:51:00,5,kein Rad verfuegbar
2023-09-06 10:23:00,5,kein Rad verfuegbar
2023-09-06 10:37:00,5,kein Rad verfuegbar
2023-09-06 10:56:00,5,kein Rad verfuegbar
2023-09-06 10:58:00,5,kein Rad verfuegbar
2023-09-06 11:42:00,2,kein Rad verfuegbar
2023-09-06 11:49:00,5,kein Rad verfuegbar
2023-09-06 12:21:00,2,kein Rad verfuegbar
2023-09-06 12:28:00,5,kein Rad verfuegbar
2023-09-06 17:35:00,10,kein Rad verfuegbar
2023-09-06 18:36:00,10,kein Rad verfuegbar
2023-09-06 18:58:00,10,kein Rad verfuegbar
2023-09-06 20:02:00,10,kein Rad verfuegbar
2023-09-06 20:50:00,10,kein Rad verfuegbar
2023-09-06 21:52:00,10,kein Rad verfuegbar
2023-09-07 09:51:00,10,kein Rad verfuegbar
2023-09-07 12:13:00,10,kein Rad verfuegbar
2023-09-07 12:26:00,10,kein Rad verfuegbar
2023-09-07 12:37:00,5,kein Rad verfuegbar
2023-09-07 12:50:00,5,kein Rad verfuegbar
2023-09-07 17:28:00,10,kein Rad verfuegbar
2023-09-07 17:45:00,10,kein Rad verfuegbar
2023-09-07 18:04:00,10,kein Rad verfuegbar
2023-09-07 18:17:00,10,kein Rad verfuegbar
2023-09-07 18:48:00,10,kein Rad verfuegbar
2023-09-08 07:47:00,10,kein Rad verfuegbar
2023-09-08 08:55:00,10,kein Rad verfuegbar
2023-09-08 08:58:00,10,kein Rad verfuegbar
2023-09-08 09:15:00,10,kein Rad verfuegbar
2023-09-08 09:32:00,10,kein Rad verfuegbar
2023-09-08 09:36:00,10,kein Rad verfuegbar
2023-09-09 15:21:00,4,kein Rad verfuegbar
2023-09-09 17:07:00,4,kein Rad verfuegbar
2023-09-09 17:43:00,4,kein Rad verfuegbar
2023-09-09 17:48:00,4,kein Rad verfuegbar
2023-09-09 17:56:00,4,kein Rad verfuegbar
2023-09-09 18:01:00,4,kein Rad verfuegbar
2023-09-09 18:10:00,4,kein Rad verfuegbar
2023-09-09 18:47:00,4,kein Rad verfuegbar
2023-09-09 19:59:00,4,kein Rad verfuegbar
2023-09-10 20:20:00,4,kein Rad verfuegbar
2023-09-14 20:25:00,2,kein Rad verfuegbar
2023-09-15 12:56:00,5,kein Rad verfuegbar
2023-09-18 18:03:00,7,kein Rad verfuegbar
2023-09-18 18:33:00,7,kein Rad verfuegbar
2023-09-19 11:19:00,2,kein Rad verfuegbar
2023-09-19 11:34:00,2,kein Rad verfuegbar
2023-09-19 12:49:00,2,kein Rad verfuegbar
2023-09-23 18:40:00,4,kein Rad verfuegbar
2023-09-27 11:20:00,5,kein Rad verfuegbar
2023-09-27 11:31:00,10,kein Rad verfuegbar
2023-09-27 20:34:00,10,kein Rad verfuegbar
2023-09-28 10:45:00,5,kein Rad verfuegbar
2023-09-30 17:41:00,6,kein Rad verfuegbar
2023-09-30 18:15:00,6,kein Rad verfuegbar
2023-10-01 18:43:00,4,kein Rad verfuegbar
2023-10-03 16:04:00,6,kein Rad verfuegbar
2023-10-03 16:13:00,6,kein Rad verfuegbar
2023-10-03 16:36:00,6,kein Rad verfuegbar
2023-10-03 20:44:00,6,kein Rad verfuegbar
2023-10-11 12:26:00,10,kein Rad verfuegbar
2024-05-26 16:46:00,4,kein Rad verfuegbar
2024-05-26 18:38:00,4,kein Rad verfuegbar
2024-05-26 18:55:00,4,kein Rad verfuegbar
2024-05-26 18:58:00,6,kein Rad verfuegbar
2024-05-26 20:38:00,6,kein Rad verfuegbar
2024-05-26 21:39:00,4,kein Rad verfuegbar
2024-05-26 21:59:00,6,kein Rad verfuegbar
2024-05-26 22:55:00,6,kein Rad verfuegbar
2024-06-20 09:09:00,7,kein Rad verfuegbar
2024-06-20 10:10:00,7,kein Rad verfuegbar
2024-06-20 10:32:00,7,kein Rad verfuegbar
2024-06-20 11:24:00,8,kein Platz frei
2024-06-20 11:27:00,8,kein Platz frei
2024-06-20 11:59:00,8,kein Platz frei
2024-06-20 12:12:00,2,kein Rad verfuegbar
2024-06-20 12:21:00,7,kein Rad verfuegbar
2024-06-20 12:21:00,7,kein Rad verfuegbar
2024-06-22 17:19:00,6,kein Rad verfuegbar
2024-06-22 17:23:00,6,kein Rad verfuegbar
2024-06-22 17:42:00,6,kein Rad verfuegbar
2024-06-22 22:38:00,6,kein Rad verfuegbar
2024-06-29 15:11:00,6,kein Rad verfuegbar
2024-06-29 15:25:00,6,kein Rad verfuegbar
2024-06-29 15:32:00,6,kein Rad verfuegbar
2024-06-29 15:49:00,4,kein Rad verfuegbar
2024-06-29 15:51:00,4,kein Rad verfuegbar
2024-06-29 15:51:00,4,kein Rad verfuegbar
2024-06-29 15:55:00,6,kein Rad verfuegbar
2024-06-29 16:02:00,6,kein Rad verfuegbar
2024-06-29 16:11:00,6,kein Rad verfuegbar
2024-06-29 16:16:00,4,kein Rad verfuegbar
2024-06-29 16:35:00,4,kein Rad verfuegbar
2024-06-29 16:38:00,4,kein Rad verfuegbar
2024-06-29 16:41:00,4,kein Rad verfuegbar
2024-06-29 17:26:00,4,kein Rad verfuegbar
2024-06-29 17:51:00,4,kein Rad verfuegbar
2024-06-29 18:08:00,6,kein Rad verfuegbar
2024-06-29 18:14:00,6,kein Rad verfuegbar
2024-06-29 18:20:00,4,kein Rad verfuegbar
2024-06-29 18:21:00,6,kein Rad verfuegbar
2024-06-29 18:25:00,6,kein Rad verfuegbar
2024-06-29 18:32:00,6,kein Rad verfuegbar
2024-06-29 18:38:00,6,kein Rad verfuegbar
2024-06-29 18:39:00,6,kein Rad verfuegbar
2024-06-29 18:43:00,4,kein Rad verfuegbar
2024-06-29 18:55:00,4,kein Rad verfuegbar
2024-06-29 18:56:00,6,kein Rad verfuegbar
2024-06-29 19:07:00,4,kein Rad verfuegbar
2024-06-29 19:13:00,4,kein Rad verfuegbar
2024-06-29 19:45:00,6,kein Rad verfuegbar
2024-06-29 19:52:00,4,kein Rad verfuegbar
2024-06-29 20:14:00,4,kein Rad verfuegbar
2024-06-29 21:15:00,6,kein Rad verfuegbar
2024-06-29 21:45:00,6,kein Rad verfuegbar
2024-07-07 14:10:00,4,kein Rad verfuegbar
2024-07-07 14:17:00,4,kein Rad verfuegbar
2024-07-07 15:34:00,4,kein Rad verfuegbar
2024-07-07 15:36:00,4,kein Rad verfuegbar
2024-07-07 16:15:00,6,kein Rad verfuegbar
2024-07-07 16:18:00,4,kein Rad verfuegbar
2024-07-07 17:20:00,4,kein Rad verfuegbar
2024-07-07 17:38:00,6,kein Rad verfuegbar
2024-07-07 17:47:00,6,kein Rad verfuegbar
2024-07-07 17:59:00,4,kein Rad verfuegbar
2024-07-07 18:11:00,4,kein Rad verfuegbar
2024-07-07 18:14:00,6,kein Rad verfuegbar
2024-07-07 18:31:00,4,kein Rad verfuegbar
2024-07-07 18:33:00,4,kein Rad verfuegbar
2024-07-07 18:36:00,4,kein Rad verfuegbar
2024-07-07 20:05:00,6,kein Rad verfuegbar
2024-07-07 20:10:00,4,kein Rad verfuegbar
2024-08-15 16:39:00,6,kein Rad verfuegbar
2024-08-15 16:45:00,6,kein Rad verfuegbar
2024-08-15 18:46:00,6,kein Rad verfuegbar
2024-09-07 14:47:00,4,kein Rad verfuegbar
2024-09-07 14:53:00,4,kein Rad verfuegbar
2024-09-07 14:55:00,4,kein Rad verfuegbar
2024-09-07 15:05:00,4,kein Rad verfuegbar
2024-09-07 15:06:00,4,kein Rad verfuegbar
2024-09-07 15:43:00,4,kein Rad verfuegbar
2024-09-07 16:06:00,6,kein Rad verfuegbar
2024-09-07 16:50:00,4,kein Rad verfuegbar
2024-09-07 17:01:00,4,kein Rad verfuegbar
2024-09-07 17:02:00,6,kein Rad verfuegbar
2024-09-07 17:09:00,4,kein Rad verfuegbar
2024-09-07 17:20:00,6,kein Rad verfuegbar
2024-09-07 17:21:00,4,kein Rad verfuegbar
2024-09-07 17:25:00,4,kein Rad verfuegbar
2024-09-07 17:34:00,6,kein Rad verfuegbar
2024-09-07 17:47:00,6,kein Rad verfuegbar
2024-09-07 17:54:00,6,kein Rad verfuegbar
2024-09-07 17:56:00,4,kein Rad verfuegbar
2024-09-07 18:40:00,6,kein Rad verfuegbar
2024-09-07 18:41:00,4,kein Rad verfuegbar
2024-09-07 18:44:00,6,kein Rad verfuegbar
2024-09-07 19:00:00,4,kein Rad verfuegbar
2024-09-07 19:34:00,4,kein Rad verfuegbar
2024-09-07 21:03:00,6,kein Rad verfuegbar
2024-09-07 21:52:00,6,kein Rad verfuegbar
2024-09-07 21:53:00,6,kein Rad verfuegbar
2024-10-03 21:54:00,4,kein Rad verfuegbar
2025-04-26 18:35:00,4,kein Rad verfuegbar
2025-04-26 18:36:00,4,kein Rad verfuegbar
2025-04-26 18:49:00,4,kein Rad verfuegbar
2025-04-27 22:09:00,4,kein Rad verfuegbar
2025-05-24 18:06:00,4,kein Rad verfuegbar
2025-05-31 18:29:00,4,kein Rad verfuegbar
2025-05-31 18:31:00,4,kein Rad verfuegbar
2025-06-21 18:07:00,6,kein Rad verfuegbar
2025-06-21 20:50:00,6,kein Rad verfuegbar
2025-06-22 13:50:00,6,kein Rad verfuegbar
2025-06-22 13:58:00,6,kein Rad verfuegbar
2025-06-22 14:05:00,6,kein Rad verfuegbar
2025-06-22 14:07:00,6,kein Rad verfuegbar
2025-06-22 14:14:00,6,kein Rad verfuegbar
2025-06-22 14:27:00,6,kein Rad verfuegbar
2025-06-22 15:36:00,4,kein Rad verfuegbar
2025-06-22 16:00:00,4,kein Rad verfuegbar
2025-06-22 16:07:00,4,kein Rad verfuegbar
2025-06-22 16:33:00,6,kein Rad verfuegbar
2025-06-22 16:35:00,4,kein Rad verfuegbar
2025-06-22 16:39:00,6,kein Rad verfuegbar
2025-06-22 16:45:00,6,kein Rad verfuegbar
2025-06-22 16:55:00,6,kein Rad verfuegbar
2025-06-22 17:17:00,4,kein Rad verfuegbar
2025-06-22 17:53:00,6,kein Rad verfuegbar
2025-06-22 17:57:00,6,kein Rad verfuegbar
2025-06-22 18:03:00,4,kein Rad verfuegbar
2025-06-22 18:08:00,6,kein Rad verfuegbar
2025-06-22 18:13:00,6,kein Rad verfuegbar
2025-06-22 18:18:00,6,kein Rad verfuegbar
2025-06-22 18:21:00,6,kein Rad verfuegbar
2025-06-22 18:47:00,4,kein Rad verfuegbar
2025-06-22 18:52:00,4,kein Rad verfuegbar
2025-06-22 18:57:00,4,kein Rad verfuegbar
2025-06-22 18:59:00,4,kein Rad verfuegbar
2025-06-22 19:03:00,4,kein Rad verfuegbar
2025-06-22 19:20:00,4,kein Rad verfuegbar
2025-06-22 19:56:00,4,kein Rad verfuegbar
2025-06-22 20:42:00,4,kein Rad verfuegbar
2025-06-22 20:48:00,4,kein Rad verfuegbar
2025-06-27 10:16:00,8,kein Platz frei
2025-06-27 10:23:00,8,kein Platz frei
2025-06-27 10:25:00,8,kein Platz frei
2025-06-27 10:40:00,8,kein Platz frei
2025-06-27 10:40:00,8,kein Platz frei
2025-06-27 11:00:00,8,kein Platz frei
2025-06-27 11:14:00,8,kein Platz frei
2025-06-27 11:31:00,8,kein Platz frei
2025-06-27 11:48:00,8,kein Platz frei
2025-06-27 12:08:00,8,kein Platz frei
2025-06-27 12:38:00,8,kein Platz frei
2025-06-27 12:40:00,8,kein Platz frei
2025-06-28 14:37:00,6,kein Rad verfuegbar
2025-06-28 15:05:00,6,kein Rad verfuegbar
2025-06-28 15:13:00,6,kein Rad verfuegbar
2025-06-28 15:26:00,6,kein Rad verfuegbar
2025-06-28 16:22:00,6,kein Rad verfuegbar
2025-06-28 16:24:00,6,kein Rad verfuegbar
2025-06-28 16:27:00,6,kein Rad verfuegbar
2025-06-28 16:33:00,6,kein Rad verfuegbar
2025-06-28 16:49:00,6,kein Rad verfuegbar
2025-06-28 16:59:00,6,kein Rad verfuegbar
2025-06-28 17:09:00,6,kein Rad verfuegbar
2025-06-28 17:14:00,6,kein Rad verfuegbar
2025-06-28 17:25:00,4,kein Rad verfuegbar
2025-06-28 17:27:00,4,kein Rad verfuegbar
2025-06-28 17:28:00,4,kein Rad verfuegbar
2025-06-28 17:29:00,6,kein Rad verfuegbar
2025-06-28 17:49:00,6,kein Rad verfuegbar
2025-06-28 17:52:00,4,kein Rad verfuegbar
2025-06-28 17:52:00,4,kein Rad verfuegbar
2025-06-28 17:56:00,4,kein Rad verfuegbar
2025-06-28 17:57:00,6,kein Rad verfuegbar
2025-06-28 18:01:00,4,kein Rad verfuegbar
2025-06-28 18:22:00,6,kein Rad verfuegbar
2025-06-28 18:24:00,6,kein Rad verfuegbar
2025-06-28 18:30:00,4,kein Rad verfuegbar
2025-06-28 18:32:00,4,kein Rad verfuegbar
2025-06-28 18:32:00,4,kein Rad verfuegbar
2025-06-28 18:33:00,4,kein Rad verfuegbar
2025-06-28 18:43:00,6,kein Rad verfuegbar
2025-06-28 18:47:00,4,kein Rad verfuegbar
2025-06-28 19:53:00,4,kein Rad verfuegbar
2025-06-28 20:14:00,4,kein Rad verfuegbar
2025-06-29 14:47:00,6,kein Rad verfuegbar
2025-06-29 14:58:00,6,kein Rad verfuegbar
2025-06-29 15:02:00,6,kein Rad verfuegbar
2025-06-29 15:32:00,6,kein Rad verfuegbar
2025-06-29 15:38:00,6,kein Rad verfuegbar
2025-06-29 15:40:00,6,kein Rad verfuegbar
2025-06-29 16:09:00,4,kein Rad verfuegbar
2025-06-29 16:12:00,4,kein Rad verfuegbar
2025-06-29 16:23:00,4,kein Rad verfuegbar
2025-06-29 16:27:00,4,kein Rad verfuegbar
2025-06-29 16:36:00,4,kein Rad verfuegbar
2025-06-29 16:37:00,4,kein Rad verfuegbar
2025-06-29 16:55:00,4,kein Rad verfuegbar
2025-06-29 17:05:00,4,kein Rad verfuegbar
2025-06-29 17:14:00,6,kein Rad verfuegbar
2025-06-29 17:15:00,4,kein Rad verfuegbar
2025-06-29 17:18:00,6,kein Rad verfuegbar
2025-06-29 17:25:00,6,kein Rad verfuegbar
2025-06-29 17:30:00,6,kein Rad verfuegbar
2025-06-29 17:35:00,4,kein Rad verfuegbar
2025-06-29 17:53:00,6,kein Rad verfuegbar
2025-06-29 17:58:00,6,kein Rad verfuegbar
2025-06-29 18:11:00,6,kein Rad verfuegbar
2025-06-29 18:18:00,4,kein Rad verfuegbar
2025-06-29 18:27:00,6,kein Rad verfuegbar
2025-06-29 18:27:00,6,kein Rad verfuegbar
2025-06-29 18:37:00,6,kein Rad verfuegbar
2025-06-29 18:49:00,6,kein Rad verfuegbar
2025-06-29 18:52:00,6,kein Rad verfuegbar
2025-06-29 18:56:00,6,kein Rad verfuegbar
2025-06-29 18:56:00,6,kein Rad verfuegbar
2025-06-29 19:30:00,4,kein Rad verfuegbar
2025-06-29 20:39:00,6,kein Rad verfuegbar
2025-06-29 21:15:00,6,kein Rad verfuegbar
2025-06-29 21:55:00,6,kein Rad verfuegbar
2025-06-29 22:04:00,6,kein Rad verfuegbar
2025-06-29 22:44:00,4,kein Rad verfuegbar
2025-06-29 22:59:00,6,kein Rad verfuegbar
2025-07-02 12:57:00,2,kein Rad verfuegbar
2025-07-03 10:40:00,10,kein Rad verfuegbar
2025-07-03 11:23:00,2,kein Rad verfuegbar
2025-07-03 11:29:00,2,kein Rad verfuegbar
2025-07-03 11:32:00,10,kein Rad verfuegbar
2025-07-03 11:40:00,10,kein Rad verfuegbar
2025-07-03 11:47:00,8,kein Platz frei
2025-07-03 12:02:00,8,kein Platz frei
2025-07-03 12:14:00,8,kein Platz frei
2025-07-03 12:34:00,10,kein Rad verfuegbar
2025-07-04 12:41:00,3,kein Platz frei
2025-07-04 12:47:00,3,kein Platz frei
2025-07-05 13:39:00,6,kein Rad verfuegbar
2025-07-05 13:42:00,6,kein Rad verfuegbar
2025-07-05 13:56:00,6,kein Rad verfuegbar
2025-07-05 14:07:00,6,kein Rad verfuegbar
2025-07-05 14:12:00,4,kein Rad verfuegbar
2025-07-05 14:13:00,4,kein Rad verfuegbar
2025-07-05 14:21:00,6,kein Rad verfuegbar
2025-07-05 14:27:00,4,kein Rad verfuegbar
2025-07-05 14:29:00,6,kein Rad verfuegbar
2025-07-05 14:39:00,4,kein Rad verfuegbar
2025-07-05 14:42:00,4,kein Rad verfuegbar
2025-07-05 15:05:00,6,kein Rad verfuegbar
2025-07-05 15:36:00,6,kein Rad verfuegbar
2025-07-05 15:48:00,6,kein Rad verfuegbar
2025-07-05 15:51:00,4,kein Rad verfuegbar
2025-07-05 15:54:00,6,kein Rad verfuegbar
2025-07-05 15:57:00,6,kein Rad verfuegbar
2025-07-05 16:02:00,6,kein Rad verfuegbar
2025-07-05 16:19:00,6,kein Rad verfuegbar
2025-07-05 16:21:00,4,kein Rad verfuegbar
2025-07-05 16:25:00,4,kein Rad verfuegbar
2025-07-05 16:34:00,4,kein Rad verfuegbar
2025-07-05 16:45:00,4,kein Rad verfuegbar
2025-07-05 16:45:00,6,kein Rad verfuegbar
2025-07-05 16:55:00,6,kein Rad verfuegbar
2025-07-05 16:56:00,6,kein Rad verfuegbar
2025-07-05 17:04:00,6,kein Rad verfuegbar
2025-07-05 17:05:00,6,kein Rad verfuegbar
2025-07-05 17:06:00,4,kein Rad verfuegbar
2025-07-05 17:18:00,4,kein Rad verfuegbar
2025-07-05 17:18:00,4,kein Rad verfuegbar
2025-07-05 17:22:00,4,kein Rad verfuegbar
2025-07-05 17:25:00,6,kein Rad verfuegbar
2025-07-05 17:28:00,4,kein Rad verfuegbar
2025-07-05 17:45:00,6,kein Rad verfuegbar
2025-07-05 17:47:00,6,kein Rad verfuegbar
2025-07-05 17:49:00,6,kein Rad verfuegbar
2025-07-05 18:10:00,6,kein Rad verfuegbar
2025-07-05 18:28:00,6,kein Rad verfuegbar
2025-07-05 18:31:00,4,kein Rad verfuegbar
2025-07-05 18:41:00,4,kein Rad verfuegbar
2025-07-05 19:30:00,6,kein Rad verfuegbar
2025-07-05 19:30:00,6,kein Rad verfuegbar
2025-07-05 20:15:00,6,kein Rad verfuegbar
2025-07-05 21:34:00,6,kein Rad verfuegbar
2025-07-05 22:14:00,6,kein Rad verfuegbar
2025-07-06 14:55:00,4,kein Rad verfuegbar
2025-07-06 14:55:00,4,kein Rad verfuegbar
2025-07-06 15:00:00,4,kein Rad verfuegbar
2025-07-06 15:16:00,4,kein Rad verfuegbar
2025-07-06 15:40:00,4,kein Rad verfuegbar
2025-07-06 16:43:00,4,kein Rad verfuegbar
2025-07-06 17:09:00,4,kein Rad verfuegbar
2025-07-06 17:10:00,4,kein Rad verfuegbar
2025-07-06 17:20:00,4,kein Rad verfuegbar
2025-07-06 18:49:00,4,kein Rad verfuegbar
2025-07-06 18:57:00,4,kein Rad verfuegbar
2025-07-06 18:58:00,4,kein Rad verfuegbar
2025-07-06 19:25:00,6,kein Rad verfuegbar
2025-07-06 19:35:00,6,kein Rad verfuegbar
2025-07-06 19:42:00,6,kein Rad verfuegbar
2025-07-06 21:04:00,4,kein Rad verfuegbar
2025-07-06 21:09:00,4,kein Rad verfuegbar
2025-07-06 21:30:00,4,kein Rad verfuegbar
2025-07-06 21:33:00,4,kein Rad verfuegbar
2025-07-06 21:40:00,4,kein Rad verfuegbar
2025-07-06 22:02:00,6,kein Rad verfuegbar
2025-07-06 22:39:00,4,kein Rad verfuegbar
2025-07-06 22:41:00,6,kein Rad verfuegbar
2025-07-12 15:47:00,4,kein Rad verfuegbar
2025-07-12 15:48:00,4,kein Rad verfuegbar
2025-07-12 16:18:00,4,kein Rad verfuegbar
2025-07-12 16:28:00,4,kein Rad verfuegbar
2025-07-12 16:29:00,4,kein Rad verfuegbar
2025-07-12 17:28:00,4,kein Rad verfuegbar
2025-07-12 17:29:00,4,kein Rad verfuegbar
2025-07-12 17:29:00,4,kein Rad verfuegbar
2025-07-12 17:37:00,4,kein Rad verfuegbar
2025-07-12 17:39:00,4,kein Rad verfuegbar
2025-07-12 17:43:00,4,kein Rad verfuegbar
2025-07-13 15:16:00,4,kein Rad verfuegbar
2025-07-13 15:42:00,4,kein Rad verfuegbar
2025-07-13 16:01:00,4,kein Rad verfuegbar
2025-07-13 16:07:00,4,kein Rad verfuegbar
2025-07-13 16:25:00,4,kein Rad verfuegbar
2025-07-13 16:58:00,4,kein Rad verfuegbar
2025-07-13 17:29:00,4,kein Rad verfuegbar
2025-07-13 17:40:00,4,kein Rad verfuegbar
2025-07-13 17:41:00,4,kein Rad verfuegbar
2025-07-13 17:44:00,4,kein Rad verfuegbar
2025-07-13 18:50:00,4,kein Rad verfuegbar
2025-07-13 19:37:00,4,kein Rad verfuegbar
2025-07-13 19:39:00,4,kein Rad verfuegbar
2025-09-07 17:47:00,6,kein Rad verfuegbar
2025-10-05 18:13:00,6,kein Rad verfuegbar
2025-10-05 19:18:00,6,kein Rad verfuegbar
2025-10-05 19:26:00,6,kein Rad verfuegbar
2025-10-05 19:37:00,6,kein Rad verfuegbar
2025-10-05 22:27:00,6,kein Rad verfuegbar
2026-04-26 16:21:00,4,kein Rad verfuegbar
2026-04-26 17:26:00,4,kein Rad verfuegbar
2026-04-26 18:13:00,4,kein Rad verfuegbar
2026-04-26 18:14:00,4,kein Rad verfuegbar
2026-04-26 18:27:00,4,kein Rad verfuegbar
2026-04-26 20:01:00,4,kein Rad verfuegbar
2026-04-26 20:21:00,4,kein Rad verfuegbar
2026-05-23 15:07:00,4,kein Rad verfuegbar
2026-05-23 16:03:00,4,kein Rad verfuegbar
2026-05-23 16:09:00,4,kein Rad verfuegbar
2026-05-23 16:58:00,4,kein Rad verfuegbar
2026-05-23 17:10:00,4,kein Rad verfuegbar
2026-05-23 17:43:00,4,kein Rad verfuegbar
2026-05-23 18:14:00,4,kein Rad verfuegbar
2026-05-23 18:21:00,4,kein Rad verfuegbar
2026-05-23 18:21:00,4,kein Rad verfuegbar
2026-05-23 18:40:00,4,kein Rad verfuegbar
2026-05-23 19:32:00,4,kein Rad verfuegbar
2026-05-23 20:02:00,4,kein Rad verfuegbar
2026-05-24 15:25:00,6,kein Rad verfuegbar
2026-05-24 15:31:00,6,kein Rad verfuegbar
2026-05-24 15:39:00,4,kein Rad verfuegbar
2026-05-24 16:13:00,4,kein Rad verfuegbar
2026-05-24 16:42:00,6,kein Rad verfuegbar
2026-05-24 16:51:00,4,kein Rad verfuegbar
2026-05-24 17:21:00,4,kein Rad verfuegbar
2026-05-24 17:22:00,6,kein Rad verfuegbar
2026-05-24 17:25:00,4,kein Rad verfuegbar
2026-05-24 17:29:00,4,kein Rad verfuegbar
2026-05-24 17:35:00,6,kein Rad verfuegbar
2026-05-24 17:36:00,4,kein Rad verfuegbar
2026-05-24 17:46:00,4,kein Rad verfuegbar
2026-05-24 17:58:00,4,kein Rad verfuegbar
2026-05-24 18:07:00,4,kein Rad verfuegbar
2026-05-24 18:10:00,6,kein Rad verfuegbar
2026-05-24 18:11:00,4,kein Rad verfuegbar
2026-05-24 18:12:00,6,kein Rad verfuegbar
2026-05-24 18:41:00,4,kein Rad verfuegbar
2026-05-24 19:03:00,6,kein Rad verfuegbar
2026-05-24 21:19:00,4,kein Rad verfuegbar
2026-05-25 13:33:00,6,kein Rad verfuegbar
2026-05-25 13:41:00,6,kein Rad verfuegbar
2026-05-25 14:07:00,6,kein Rad verfuegbar
2026-05-25 14:11:00,6,kein Rad verfuegbar
2026-05-25 14:36:00,6,kein Rad verfuegbar
2026-05-25 14:37:00,6,kein Rad verfuegbar
2026-05-25 14:45:00,6,kein Rad verfuegbar
2026-05-25 15:17:00,6,kein Rad verfuegbar
2026-05-25 15:23:00,6,kein Rad verfuegbar
2026-05-25 15:35:00,4,kein Rad verfuegbar
2026-05-25 15:46:00,4,kein Rad verfuegbar
2026-05-25 15:48:00,4,kein Rad verfuegbar
2026-05-25 15:49:00,6,kein Rad verfuegbar
2026-05-25 16:04:00,6,kein Rad verfuegbar
2026-05-25 16:04:00,4,kein Rad verfuegbar
2026-05-25 16:08:00,6,kein Rad verfuegbar
2026-05-25 16:14:00,4,kein Rad verfuegbar
2026-05-25 16:25:00,6,kein Rad verfuegbar
2026-05-25 16:30:00,4,kein Rad verfuegbar
2026-05-25 16:34:00,6,kein Rad verfuegbar
2026-05-25 16:39:00,4,kein Rad verfuegbar
2026-05-25 16:47:00,4,kein Rad verfuegbar
2026-05-25 16:53:00,6,kein Rad verfuegbar
2026-05-25 17:08:00,6,kein Rad verfuegbar
2026-05-25 17:15:00,6,kein Rad verfuegbar
2026-05-25 17:21:00,6,kein Rad verfuegbar
2026-05-25 18:15:00,4,kein Rad verfuegbar
2026-05-25 18:19:00,6,kein Rad verfuegbar
2026-05-25 18:20:00,4,kein Rad verfuegbar
2026-05-25 18:25:00,6,kein Rad verfuegbar
2026-05-25 18:25:00,6,kein Rad verfuegbar
2026-05-25 18:29:00,4,kein Rad verfuegbar
2026-05-25 18:44:00,4,kein Rad verfuegbar
2026-05-25 18:45:00,4,kein Rad verfuegbar
2026-05-25 19:04:00,4,kein Rad verfuegbar
2026-05-25 19:30:00,4,kein Rad verfuegbar
2026-05-25 19:47:00,6,kein Rad verfuegbar
2026-05-25 20:11:00,6,kein Rad verfuegbar
2026-05-25 20:26:00,6,kein Rad verfuegbar
2026-05-25 20:28:00,6,kein Rad verfuegbar
2026-05-25 20:34:00,4,kein Rad verfuegbar
2026-05-25 20:57:00,4,kein Rad verfuegbar
2026-05-25 21:55:00,4,kein Rad verfuegbar
2026-05-30 17:37:00,4,kein Rad verfuegbar
2026-05-30 17:39:00,4,kein Rad verfuegbar
2026-05-30 17:52:00,4,kein Rad verfuegbar
2026-05-30 18:16:00,4,kein Rad verfuegbar
2026-05-30 18:17:00,4,kein Rad verfuegbar
2026-05-30 18:45:00,4,kein Rad verfuegbar
2026-05-30 18:46:00,4,kein Rad verfuegbar
2026-05-30 19:15:00,4,kein Rad verfuegbar
2026-05-30 19:24:00,4,kein Rad verfuegbar
2026-05-30 19:59:00,4,kein Rad verfuegbar
2026-05-30 20:46:00,4,kein Rad verfuegbar
2026-05-30 21:15:00,4,kein Rad verfuegbar
2026-05-30 21:21:00,4,kein Rad verfuegbar
2026-06-20 20:50:00,4,kein Rad verfuegbar
2026-06-20 20:52:00,4,kein Rad verfuegbar
2026-06-27 17:24:00,4,kein Rad verfuegbar
2026-06-27 17:33:00,4,kein Rad verfuegbar
2026-06-27 17:48:00,6,kein Rad verfuegbar
2026-06-27 17:56:00,6,kein Rad verfuegbar
2026-06-27 18:17:00,4,kein Rad verfuegbar
2026-06-27 18:20:00,6,kein Rad verfuegbar
2026-06-27 18:27:00,6,kein Rad verfuegbar
2026-06-27 18:50:00,6,kein Rad verfuegbar
2026-06-27 18:50:00,6,kein Rad verfuegbar
2026-06-27 18:56:00,6,kein Rad verfuegbar
2026-06-27 22:42:00,6,kein Rad verfuegbar
2026-06-28 17:03:00,4,kein Rad verfuegbar
2026-06-28 17:57:00,4,kein Rad verfuegbar
2026-06-28 18:19:00,4,kein Rad verfuegbar
2026-06-28 18:24:00,4,kein Rad verfuegbar
2026-06-28 18:36:00,4,kein Rad verfuegbar
2026-06-28 18:53:00,4,kein Rad verfuegbar
2026-06-28 20:27:00,4,kein Rad verfuegbar
2026-06-28 20:36:00,4,kein Rad verfuegbar
2026-06-28 20:41:00,4,kein Rad verfuegbar
2026-07-02 08:38:00,10,kein Rad verfuegbar
2026-07-02 08:40:00,10,kein Rad verfuegbar
2026-07-02 08:42:00,10,kein Rad verfuegbar
2026-07-02 08:52:00,10,kein Rad verfuegbar
2026-07-02 09:43:00,10,kein Rad verfuegbar
2026-07-02 12:09:00,10,kein Rad verfuegbar
2026-07-02 12:10:00,10,kein Rad verfuegbar
2026-07-04 14:24:00,6,kein Rad verfuegbar
2026-07-04 14:31:00,6,kein Rad verfuegbar
2026-07-04 14:36:00,6,kein Rad verfuegbar
2026-07-04 14:44:00,6,kein Rad verfuegbar
2026-07-04 15:24:00,6,kein Rad verfuegbar
2026-07-04 16:00:00,6,kein Rad verfuegbar
2026-07-04 16:10:00,4,kein Rad verfuegbar
2026-07-04 16:13:00,4,kein Rad verfuegbar
2026-07-04 16:13:00,4,kein Rad verfuegbar
2026-07-04 16:16:00,4,kein Rad verfuegbar
2026-07-04 16:23:00,4,kein Rad verfuegbar
2026-07-04 16:25:00,4,kein Rad verfuegbar
2026-07-04 16:46:00,4,kein Rad verfuegbar
2026-07-04 17:12:00,6,kein Rad verfuegbar
2026-07-04 17:22:00,4,kein Rad verfuegbar
2026-07-04 17:27:00,4,kein Rad verfuegbar
2026-07-04 17:27:00,6,kein Rad verfuegbar
2026-07-04 17:30:00,6,kein Rad verfuegbar
2026-07-04 17:35:00,4,kein Rad verfuegbar
2026-07-04 17:41:00,6,kein Rad verfuegbar
2026-07-04 17:59:00,6,kein Rad verfuegbar
2026-07-04 18:06:00,4,kein Rad verfuegbar
2026-07-04 18:11:00,6,kein Rad verfuegbar
2026-07-04 18:11:00,4,kein Rad verfuegbar
2026-07-04 18:17:00,6,kein Rad verfuegbar
2026-07-04 18:26:00,4,kein Rad verfuegbar
2026-07-04 22:24:00,6,kein Rad verfuegbar
2026-07-04 22:31:00,6,kein Rad verfuegbar
2026-07-04 22:44:00,6,kein Rad verfuegbar
2026-07-04 22:50:00,6,kein Rad verfuegbar
2026-07-05 15:56:00,4,kein Rad verfuegbar
2026-07-05 16:03:00,4,kein Rad verfuegbar
2026-07-05 16:27:00,4,kein Rad verfuegbar
2026-07-05 16:45:00,4,kein Rad verfuegbar
2026-07-05 16:53:00,4,kein Rad verfuegbar
2026-07-05 17:04:00,4,kein Rad verfuegbar
2026-07-05 17:09:00,4,kein Rad verfuegbar
2026-07-05 17:10:00,4,kein Rad verfuegbar
2026-07-05 18:29:00,4,kein Rad verfuegbar
2026-07-05 18:31:00,4,kein Rad verfuegbar
2026-07-05 18:45:00,4,kein Rad verfuegbar
2026-07-05 19:19:00,4,kein Rad verfuegbar
2026-07-05 21:57:00,4,kein Rad verfuegbar
2026-07-06 09:24:00,10,kein Rad verfuegbar
2026-07-06 09:34:00,10,kein Rad verfuegbar
2026-07-06 09:50:00,10,kein Rad verfuegbar
2026-07-06 09:52:00,10,kein Rad verfuegbar
2026-07-06 09:59:00,5,kein Rad verfuegbar
2026-07-06 10:00:00,10,kein Rad verfuegbar
2026-07-06 10:08:00,10,kein Rad verfuegbar
2026-07-06 10:15:00,5,kein Rad verfuegbar
2026-07-06 10:19:00,5,kein Rad verfuegbar
2026-07-06 10:27:00,5,kein Rad verfuegbar
2026-07-06 10:30:00,10,kein Rad verfuegbar
2026-07-06 10:31:00,5,kein Rad verfuegbar
2026-07-06 10:32:00,5,kein Rad verfuegbar
2026-07-06 10:42:00,10,kein Rad verfuegbar
2026-07-06 11:02:00,10,kein Rad verfuegbar
2026-07-06 11:15:00,10,kein Rad verfuegbar
2026-07-06 11:17:00,5,kein Rad verfuegbar
2026-07-06 11:20:00,5,kein Rad verfuegbar
2026-07-06 11:22:00,5,kein Rad verfuegbar
2026-07-06 11:24:00,5,kein Rad verfuegbar
2026-07-06 11:24:00,5,kein Rad verfuegbar
2026-07-06 11:35:00,5,kein Rad verfuegbar
2026-07-06 11:40:00,5,kein Rad verfuegbar
2026-07-06 11:42:00,10,kein Rad verfuegbar
2026-07-06 11:46:00,5,kein Rad verfuegbar
2026-07-06 12:02:00,10,kein Rad verfuegbar
2026-07-06 12:58:00,5,kein Rad verfuegbar
2026-07-07 11:12:00,2,kein Rad verfuegbar
2026-07-07 11:23:00,10,kein Rad verfuegbar
2026-07-07 11:40:00,2,kein Rad verfuegbar
2026-07-07 12:06:00,2,kein Rad verfuegbar
2026-07-07 12:28:00,2,kein Rad verfuegbar
2026-07-07 12:35:00,10,kein Rad verfuegbar
2026-07-07 12:54:00,10,kein Rad verfuegbar
2026-07-11 19:02:00,6,kein Rad verfuegbar
2026-07-12 18:13:00,6,kein Rad verfuegbar
2026-07-12 18:31:00,6,kein Rad verfuegbar
2026-07-12 18:34:00,6,kein Rad verfuegbar
2026-07-12 18:53:00,6,kein Rad verfuegbar
2026-07-12 18:53:00,6,kein Rad verfuegbar
2026-07-12 18:54:00,6,kein Rad verfuegbar
2026-07-12 19:20:00,6,kein Rad verfuegbar
2026-07-12 19:59:00,6,kein Rad verfuegbar
2026-07-12 20:27:00,6,kein Rad verfuegbar
2026-07-12 22:15:00,6,kein Rad verfuegbar
2026-07-12 22:25:00,6,kein Rad verfuegbar
2026-07-30 12:10:00,10,kein Rad verfuegbar
2026-07-30 12:22:00,10,kein Rad verfuegbar
2026-07-30 12:47:00,10,kein Rad verfuegbar
2026-08-02 18:32:00,4,kein Rad verfuegbar
