schadensmeldung_id,fahrrad_id,gemeldet_am,kategorie,schwere,status
1,1,2022-08-11 14:09:00,Licht,mittel,erledigt
2,1,2023-05-09 11:03:00,Reifen/Platten,fahruntauglich,erledigt
3,1,2023-09-17 19:46:00,Rahmen/Lenker,mittel,erledigt
4,1,2024-05-10 15:03:00,Schaltung,fahruntauglich,erledigt
5,1,2024-09-06 13:08:00,Licht,fahruntauglich,erledigt
6,1,2025-09-18 07:49:00,Rahmen/Lenker,mittel,erledigt
7,1,2026-05-24 19:01:00,Schaltung,fahruntauglich,erledigt
8,2,2022-07-15 10:11:00,Rahmen/Lenker,fahruntauglich,erledigt
9,2,2023-01-01 13:47:00,Schaltung,leicht,erledigt
10,2,2024-05-10 07:43:00,Sattel/Sitzhaltung,mittel,erledigt
11,2,2025-04-09 13:33:00,Rahmen/Lenker,fahruntauglich,erledigt
12,2,2025-09-09 07:30:00,Bremse,mittel,erledigt
13,3,2023-05-30 07:50:00,Schaltung,leicht,erledigt
14,3,2023-07-03 08:39:00,Schaltung,mittel,erledigt
15,3,2024-10-02 14:31:00,Schaltung,mittel,erledigt
16,3,2025-05-10 11:20:00,Schaltung,fahruntauglich,erledigt
17,3,2025-09-25 11:13:00,Reifen/Platten,fahruntauglich,erledigt
18,3,2026-02-25 08:29:00,Schaltung,leicht,erledigt
19,3,2026-07-30 11:51:00,Schaltung,fahruntauglich,erledigt
20,4,2022-06-17 18:01:00,Bremse,fahruntauglich,erledigt
21,4,2022-11-08 09:51:00,Licht,fahruntauglich,erledigt
22,4,2023-09-03 11:05:00,Bremse,leicht,erledigt
23,4,2024-03-14 15:33:00,Reifen/Platten,leicht,erledigt
24,4,2025-05-14 14:49:00,Sattel/Sitzhaltung,fahruntauglich,erledigt
25,4,2026-05-27 18:38:00,Rahmen/Lenker,fahruntauglich,erledigt
26,5,2022-05-24 11:18:00,Sattel/Sitzhaltung,mittel,erledigt
27,5,2023-03-24 08:47:00,Bremse,mittel,erledigt
28,5,2023-09-09 12:49:00,Bremse,fahruntauglich,erledigt
29,5,2023-10-04 10:34:00,Bremse,leicht,erledigt
30,5,2024-03-30 11:10:00,Sattel/Sitzhaltung,mittel,erledigt
31,5,2025-06-27 09:34:00,Rahmen/Lenker,mittel,erledigt
32,6,2022-12-24 13:01:00,Reifen/Platten,fahruntauglich,erledigt
33,6,2023-09-30 11:44:00,Sattel/Sitzhaltung,fahruntauglich,erledigt
34,6,2025-03-31 19:47:00,Sattel/Sitzhaltung,fahruntauglich,erledigt
35,6,2025-08-10 07:14:00,Schaltung,mittel,erledigt
36,7,2023-05-13 16:56:00,Licht,fahruntauglich,erledigt
37,7,2023-06-18 10:38:00,Rahmen/Lenker,leicht,erledigt
38,7,2024-02-29 13:22:00,Reifen/Platten,fahruntauglich,erledigt
39,7,2024-11-24 11:20:00,Schaltung,fahruntauglich,erledigt
40,7,2025-08-22 19:15:00,Rahmen/Lenker,fahruntauglich,erledigt
41,8,2021-09-14 17:58:00,Rahmen/Lenker,fahruntauglich,erledigt
42,8,2023-05-04 19:02:00,Schaltung,fahruntauglich,erledigt
43,8,2023-09-19 17:06:00,Bremse,leicht,erledigt
44,8,2024-10-03 17:28:00,Licht,mittel,erledigt
45,8,2025-09-16 08:15:00,Bremse,fahruntauglich,erledigt
46,9,2022-07-01 16:59:00,Licht,mittel,erledigt
47,9,2023-09-01 07:22:00,Licht,leicht,erledigt
48,9,2024-06-21 08:37:00,Reifen/Platten,leicht,erledigt
49,9,2025-09-19 18:11:00,Rahmen/Lenker,mittel,erledigt
50,9,2026-03-23 07:11:00,Rahmen/Lenker,mittel,erledigt
51,10,2022-10-03 19:38:00,Sattel/Sitzhaltung,leicht,erledigt
52,10,2023-08-03 10:51:00,Licht,fahruntauglich,erledigt
53,10,2024-08-08 08:17:00,Sattel/Sitzhaltung,mittel,erledigt
54,10,2025-07-07 16:14:00,Sattel/Sitzhaltung,fahruntauglich,erledigt
55,10,2026-07-02 12:13:00,Licht,fahruntauglich,erledigt
56,11,2022-02-14 16:27:00,Licht,mittel,erledigt
57,11,2023-05-03 13:17:00,Reifen/Platten,leicht,erledigt
58,11,2024-01-01 10:17:00,Bremse,fahruntauglich,erledigt
59,11,2024-08-20 13:25:00,Reifen/Platten,leicht,erledigt
60,11,2025-09-06 08:39:00,Bremse,fahruntauglich,erledigt
61,11,2026-01-26 15:09:00,Rahmen/Lenker,leicht,erledigt
62,12,2022-08-17 18:20:00,Sattel/Sitzhaltung,fahruntauglich,erledigt
63,12,2023-04-30 19:45:00,Licht,mittel,erledigt
64,12,2023-10-07 16:24:00,Schaltung,fahruntauglich,erledigt
65,12,2024-07-12 19:02:00,Reifen/Platten,fahruntauglich,erledigt
66,12,2025-01-06 12:54:00,Licht,mittel,erledigt
67,12,2025-06-16 18:39:00,Licht,mittel,erledigt
68,13,2022-10-28 07:47:00,Sattel/Sitzhaltung,mittel,erledigt
69,13,2023-12-16 17:11:00,Schaltung,mittel,erledigt
70,13,2024-06-02 12:21:00,Sattel/Sitzhaltung,fahruntauglich,erledigt
71,13,2025-05-20 17:43:00,Rahmen/Lenker,mittel,erledigt
72,13,2026-05-18 14:00:00,Rahmen/Lenker,fahruntauglich,erledigt
73,14,2021-10-19 19:35:00,Licht,mittel,erledigt
74,14,2022-06-16 17:52:00,Schaltung,leicht,erledigt
75,14,2022-10-31 07:18:00,Rahmen/Lenker,mittel,erledigt
76,14,2024-01-30 18:48:00,Reifen/Platten,leicht,erledigt
77,14,2025-03-05 14:44:00,Bremse,fahruntauglich,erledigt
78,14,2025-09-06 17:11:00,Reifen/Platten,fahruntauglich,erledigt
79,15,2022-07-18 16:43:00,Bremse,leicht,erledigt
80,15,2023-05-13 18:34:00,Sattel/Sitzhaltung,mittel,erledigt
81,15,2024-03-14 16:16:00,Schaltung,leicht,erledigt
82,15,2024-07-29 10:16:00,Bremse,leicht,erledigt
83,15,2025-04-23 19:51:00,Schaltung,leicht,erledigt
84,15,2025-07-25 11:12:00,Sattel/Sitzhaltung,leicht,erledigt
85,16,2023-05-05 18:03:00,Bremse,fahruntauglich,erledigt
86,16,2024-01-31 17:40:00,Bremse,mittel,erledigt
87,16,2024-09-18 19:51:00,Bremse,mittel,erledigt
88,16,2025-06-27 07:04:00,Schaltung,mittel,erledigt
89,16,2026-06-21 15:38:00,Schaltung,fahruntauglich,erledigt
90,16,2026-08-23 15:21:00,Licht,fahruntauglich,offen
91,17,2022-07-02 10:42:00,Licht,fahruntauglich,erledigt
92,17,2023-07-03 07:31:00,Sattel/Sitzhaltung,mittel,erledigt
93,17,2023-07-04 07:45:00,Bremse,fahruntauglich,erledigt
94,17,2023-07-04 07:54:00,Bremse,leicht,erledigt
95,17,2024-06-20 13:46:00,Reifen/Platten,leicht,erledigt
96,17,2025-06-21 10:13:00,Reifen/Platten,leicht,erledigt
97,17,2026-03-23 09:35:00,Reifen/Platten,fahruntauglich,erledigt
98,18,2022-04-06 19:20:00,Licht,leicht,erledigt
99,18,2023-06-02 08:50:00,Schaltung,fahruntauglich,erledigt
100,18,2023-09-26 19:25:00,Licht,mittel,erledigt
101,18,2024-12-18 13:36:00,Schaltung,mittel,erledigt
102,18,2025-07-04 13:02:00,Reifen/Platten,leicht,erledigt
103,18,2026-06-28 07:03:00,Rahmen/Lenker,mittel,erledigt
104,19,2021-09-28 12:47:00,Reifen/Platten,mittel,erledigt
105,19,2022-05-20 07:23:00,Licht,leicht,erledigt
106,19,2022-10-06 11:29:00,Bremse,leicht,erledigt
107,19,2023-06-12 12:50:00,Sattel/Sitzhaltung,leicht,erledigt
108,19,2023-12-14 10:55:00,Licht,mittel,erledigt
109,19,2025-03-29 19:02:00,Licht,fahruntauglich,erledigt
110,19,2025-07-05 17:03:00,Licht,fahruntauglich,erledigt
111,20,2022-04-11 17:33:00,Rahmen/Lenker,fahruntauglich,erledigt
112,20,2022-11-30 07:00:00,Schaltung,mittel,erledigt
113,20,2023-09-28 16:28:00,Bremse,mittel,erledigt
114,20,2024-08-07 17:31:00,Reifen/Platten,mittel,erledigt
115,20,2025-02-20 07:46:00,Schaltung,mittel,erledigt
116,20,2025-06-27 16:54:00,Reifen/Platten,mittel,erledigt
117,21,2022-07-22 13:28:00,Bremse,fahruntauglich,erledigt
118,21,2023-06-09 14:07:00,Reifen/Platten,fahruntauglich,erledigt
119,21,2023-09-19 16:24:00,Licht,leicht,erledigt
120,21,2025-01-30 18:39:00,Licht,fahruntauglich,erledigt
121,21,2025-11-30 16:38:00,Bremse,fahruntauglich,erledigt
122,21,2026-06-27 11:18:00,Sattel/Sitzhaltung,fahruntauglich,erledigt
123,21,2026-08-14 12:33:00,Reifen/Platten,leicht,offen
124,22,2022-07-03 19:38:00,Reifen/Platten,fahruntauglich,erledigt
125,22,2023-06-12 10:15:00,Licht,leicht,erledigt
126,22,2023-09-02 11:10:00,Bremse,leicht,erledigt
127,22,2024-01-07 08:05:00,Schaltung,mittel,erledigt
128,22,2024-05-05 10:54:00,Bremse,mittel,erledigt
129,22,2025-03-21 17:08:00,Bremse,mittel,erledigt
130,23,2022-05-22 10:42:00,Schaltung,fahruntauglich,erledigt
131,23,2022-11-26 13:25:00,Rahmen/Lenker,mittel,erledigt
132,23,2023-10-09 16:36:00,Reifen/Platten,mittel,erledigt
133,23,2024-09-27 19:29:00,Reifen/Platten,mittel,erledigt
134,24,2023-01-01 17:15:00,Rahmen/Lenker,mittel,erledigt
135,24,2023-11-06 13:33:00,Schaltung,fahruntauglich,erledigt
136,24,2024-10-04 16:52:00,Schaltung,fahruntauglich,erledigt
137,24,2025-10-05 16:37:00,Bremse,fahruntauglich,erledigt
138,25,2023-01-27 14:37:00,Schaltung,mittel,erledigt
139,25,2023-06-28 18:55:00,Licht,mittel,erledigt
140,25,2023-09-24 13:39:00,Schaltung,mittel,erledigt
141,25,2024-09-25 18:05:00,Sattel/Sitzhaltung,fahruntauglich,erledigt
142,25,2025-05-21 15:17:00,Reifen/Platten,fahruntauglich,erledigt
143,25,2026-06-30 13:10:00,Rahmen/Lenker,mittel,erledigt
144,26,2022-08-17 18:00:00,Bremse,leicht,erledigt
145,26,2023-07-21 16:00:00,Schaltung,mittel,erledigt
146,26,2024-08-03 09:23:00,Licht,mittel,erledigt
147,26,2025-05-11 19:13:00,Sattel/Sitzhaltung,fahruntauglich,erledigt
148,27,2022-08-18 13:03:00,Rahmen/Lenker,mittel,erledigt
149,27,2023-07-03 08:46:00,Rahmen/Lenker,leicht,erledigt
150,27,2024-06-20 13:27:00,Reifen/Platten,mittel,erledigt
151,27,2025-07-10 17:05:00,Bremse,fahruntauglich,erledigt
152,28,2023-05-30 13:07:00,Rahmen/Lenker,fahruntauglich,erledigt
153,28,2023-07-20 10:22:00,Bremse,leicht,erledigt
154,28,2024-08-23 11:43:00,Sattel/Sitzhaltung,leicht,erledigt
155,28,2024-09-21 11:24:00,Licht,leicht,erledigt
156,28,2025-01-07 15:48:00,Bremse,mittel,erledigt
157,28,2025-09-05 17:20:00,Licht,mittel,erledigt
158,29,2022-08-21 14:17:00,Licht,fahruntauglich,erledigt
159,29,2022-09-22 13:29:00,Bremse,leicht,erledigt
160,29,2024-05-25 15:22:00,Licht,mittel,erledigt
161,29,2024-12-12 17:04:00,Schaltung,mittel,erledigt
162,29,2025-08-17 09:30:00,Licht,fahruntauglich,erledigt
163,30,2022-09-20 09:38:00,Sattel/Sitzhaltung,mittel,erledigt
164,30,2023-06-14 15:23:00,Bremse,mittel,erledigt
165,30,2024-04-05 18:37:00,Reifen/Platten,leicht,erledigt
166,30,2025-01-10 14:36:00,Sattel/Sitzhaltung,mittel,erledigt
167,31,2022-10-22 18:25:00,Schaltung,mittel,erledigt
168,31,2023-06-18 14:49:00,Schaltung,fahruntauglich,erledigt
169,31,2024-02-18 12:02:00,Rahmen/Lenker,fahruntauglich,erledigt
170,31,2024-05-10 19:34:00,Bremse,leicht,erledigt
171,31,2024-10-15 12:09:00,Rahmen/Lenker,mittel,erledigt
172,31,2025-09-20 18:39:00,Reifen/Platten,fahruntauglich,erledigt
173,31,2026-06-02 13:31:00,Schaltung,mittel,erledigt
174,32,2022-02-15 16:08:00,Rahmen/Lenker,fahruntauglich,erledigt
175,32,2023-05-17 10:53:00,Schaltung,fahruntauglich,erledigt
176,32,2023-07-20 12:50:00,Schaltung,mittel,erledigt
177,32,2023-07-24 13:47:00,Licht,mittel,erledigt
178,32,2023-12-14 14:46:00,Schaltung,mittel,erledigt
179,32,2025-07-01 16:41:00,Bremse,fahruntauglich,erledigt
180,32,2025-11-11 10:53:00,Sattel/Sitzhaltung,fahruntauglich,erledigt
181,33,2022-10-05 10:27:00,Schaltung,fahruntauglich,erledigt
182,33,2023-05-16 07:22:00,Licht,mittel,erledigt
183,33,2024-06-07 15:33:00,Reifen/Platten,mittel,erledigt
184,33,2024-06-11 07:17:00,Bremse,fahruntauglich,erledigt
185,33,2025-04-06 17:31:00,Sattel/Sitzhaltung,leicht,erledigt
186,33,2025-05-26 19:38:00,Sattel/Sitzhaltung,leicht,erledigt
187,33,2026-01-06 17:29:00,Bremse,leicht,erledigt
188,34,2022-06-18 07:35:00,Reifen/Platten,mittel,erledigt
189,34,2022-09-16 16:11:00,Rahmen/Lenker,leicht,erledigt
190,34,2023-10-04 18:32:00,Rahmen/Lenker,mittel,erledigt
191,34,2023-10-07 14:04:00,Licht,mittel,erledigt
192,34,2024-05-11 19:45:00,Licht,leicht,erledigt
193,34,2024-08-30 13:42:00,Licht,mittel,erledigt
194,34,2025-08-09 10:24:00,Sattel/Sitzhaltung,mittel,erledigt
195,35,2022-08-24 12:24:00,Rahmen/Lenker,leicht,erledigt
196,35,2023-05-08 07:30:00,Reifen/Platten,fahruntauglich,erledigt
197,35,2023-08-15 09:29:00,Bremse,leicht,erledigt
198,35,2024-05-15 18:04:00,Licht,leicht,erledigt
199,35,2025-04-11 07:29:00,Reifen/Platten,mittel,erledigt
200,35,2025-06-03 11:57:00,Licht,fahruntauglich,erledigt
201,35,2025-11-29 07:24:00,Schaltung,fahruntauglich,erledigt
202,36,2023-06-12 10:58:00,Licht,fahruntauglich,erledigt
203,36,2024-04-06 18:33:00,Bremse,mittel,erledigt
204,36,2024-07-07 19:17:00,Sattel/Sitzhaltung,mittel,erledigt
205,36,2024-10-27 15:26:00,Bremse,leicht,erledigt
206,36,2025-08-19 08:32:00,Licht,mittel,erledigt
207,37,2023-06-11 17:37:00,Reifen/Platten,mittel,erledigt
208,37,2024-05-10 13:36:00,Licht,leicht,erledigt
209,37,2024-07-25 13:33:00,Reifen/Platten,mittel,erledigt
210,37,2025-04-10 10:51:00,Sattel/Sitzhaltung,mittel,erledigt
211,37,2026-04-01 15:59:00,Reifen/Platten,fahruntauglich,erledigt
212,38,2022-05-08 14:55:00,Sattel/Sitzhaltung,leicht,erledigt
213,38,2022-08-04 15:29:00,Schaltung,leicht,erledigt
214,38,2024-03-13 19:59:00,Schaltung,fahruntauglich,erledigt
215,38,2025-04-26 18:16:00,Reifen/Platten,leicht,erledigt
216,39,2022-10-09 19:03:00,Reifen/Platten,fahruntauglich,erledigt
217,39,2023-12-30 15:36:00,Schaltung,fahruntauglich,erledigt
218,39,2023-12-30 18:34:00,Reifen/Platten,mittel,erledigt
219,39,2025-06-10 19:06:00,Schaltung,fahruntauglich,erledigt
220,39,2026-06-08 07:42:00,Reifen/Platten,fahruntauglich,erledigt
221,40,2022-08-20 11:09:00,Bremse,fahruntauglich,erledigt
222,40,2023-04-11 15:17:00,Licht,mittel,erledigt
223,40,2023-09-15 10:58:00,Rahmen/Lenker,mittel,erledigt
224,40,2024-10-28 12:44:00,Sattel/Sitzhaltung,mittel,erledigt
225,40,2025-09-13 17:53:00,Sattel/Sitzhaltung,leicht,erledigt
226,41,2022-07-29 16:56:00,Schaltung,mittel,erledigt
227,41,2023-07-31 19:03:00,Bremse,leicht,erledigt
228,41,2024-05-26 10:20:00,Rahmen/Lenker,fahruntauglich,erledigt
229,41,2024-10-18 14:17:00,Bremse,leicht,erledigt
230,41,2026-06-02 11:11:00,Sattel/Sitzhaltung,fahruntauglich,erledigt
231,42,2022-08-06 19:29:00,Reifen/Platten,mittel,erledigt
232,42,2023-08-19 13:07:00,Bremse,fahruntauglich,erledigt
233,42,2024-06-11 19:38:00,Reifen/Platten,fahruntauglich,erledigt
234,42,2025-04-03 07:31:00,Reifen/Platten,fahruntauglich,erledigt
235,42,2025-10-01 13:57:00,Reifen/Platten,mittel,erledigt
236,43,2023-02-27 16:45:00,Licht,fahruntauglich,erledigt
237,43,2023-09-23 10:50:00,Sattel/Sitzhaltung,fahruntauglich,erledigt
238,43,2025-01-30 19:38:00,Schaltung,fahruntauglich,erledigt
239,44,2023-05-08 14:38:00,Schaltung,fahruntauglich,erledigt
240,44,2024-06-29 13:59:00,Sattel/Sitzhaltung,mittel,erledigt
241,44,2024-06-29 15:43:00,Rahmen/Lenker,leicht,erledigt
242,44,2024-10-15 07:02:00,Schaltung,mittel,erledigt
243,44,2025-03-09 12:16:00,Sattel/Sitzhaltung,leicht,erledigt
244,44,2025-09-06 15:24:00,Licht,mittel,erledigt
245,44,2026-07-28 11:46:00,Sattel/Sitzhaltung,fahruntauglich,erledigt
246,45,2022-04-28 18:05:00,Bremse,leicht,erledigt
247,45,2023-09-21 13:28:00,Rahmen/Lenker,mittel,erledigt
248,45,2024-07-03 08:49:00,Bremse,mittel,erledigt
249,45,2025-09-23 17:37:00,Schaltung,mittel,erledigt
250,45,2026-04-11 16:12:00,Licht,fahruntauglich,erledigt
251,46,2022-07-24 07:52:00,Licht,leicht,erledigt
252,46,2023-04-09 14:22:00,Bremse,fahruntauglich,erledigt
253,46,2024-05-29 08:28:00,Rahmen/Lenker,fahruntauglich,erledigt
254,46,2025-06-13 11:13:00,Licht,fahruntauglich,erledigt
255,47,2022-07-15 09:33:00,Schaltung,leicht,erledigt
256,47,2023-10-31 18:23:00,Licht,fahruntauglich,erledigt
257,47,2023-11-02 08:44:00,Licht,mittel,erledigt
258,47,2024-10-25 13:28:00,Bremse,leicht,erledigt
259,47,2025-08-06 19:51:00,Sattel/Sitzhaltung,mittel,erledigt
260,48,2022-07-26 14:43:00,Bremse,fahruntauglich,erledigt
261,48,2023-03-02 17:50:00,Rahmen/Lenker,mittel,erledigt
262,48,2023-06-15 19:53:00,Licht,fahruntauglich,erledigt
263,48,2024-07-25 18:38:00,Reifen/Platten,fahruntauglich,erledigt
264,48,2025-10-12 08:31:00,Licht,mittel,erledigt
265,49,2022-07-19 09:17:00,Schaltung,leicht,erledigt
266,49,2023-05-05 19:33:00,Reifen/Platten,fahruntauglich,erledigt
267,49,2023-09-07 17:33:00,Reifen/Platten,fahruntauglich,erledigt
268,49,2024-09-06 19:39:00,Licht,mittel,erledigt
269,49,2025-05-25 10:38:00,Bremse,mittel,erledigt
270,49,2025-10-21 09:17:00,Sattel/Sitzhaltung,mittel,erledigt
271,50,2022-05-12 10:51:00,Reifen/Platten,leicht,erledigt
272,50,2022-07-01 17:35:00,Sattel/Sitzhaltung,fahruntauglich,erledigt
273,50,2023-03-22 13:57:00,Rahmen/Lenker,mittel,erledigt
274,50,2024-02-02 13:24:00,Rahmen/Lenker,fahruntauglich,erledigt
275,50,2024-08-29 09:26:00,Licht,leicht,erledigt
276,51,2022-11-05 15:15:00,Schaltung,mittel,erledigt
277,51,2023-07-11 17:51:00,Sattel/Sitzhaltung,mittel,erledigt
278,51,2024-03-06 19:43:00,Licht,leicht,erledigt
279,51,2024-12-19 18:55:00,Rahmen/Lenker,fahruntauglich,erledigt
280,51,2026-04-22 18:38:00,Sattel/Sitzhaltung,fahruntauglich,erledigt
281,52,2022-05-09 12:01:00,Sattel/Sitzhaltung,leicht,erledigt
282,52,2022-12-11 13:27:00,Rahmen/Lenker,leicht,erledigt
283,52,2023-06-22 13:17:00,Reifen/Platten,leicht,erledigt
284,52,2023-11-21 19:14:00,Sattel/Sitzhaltung,mittel,erledigt
285,52,2024-09-23 16:08:00,Schaltung,fahruntauglich,erledigt
286,52,2025-06-27 17:18:00,Rahmen/Lenker,mittel,erledigt
287,52,2025-11-15 13:26:00,Bremse,mittel,erledigt
288,53,2022-11-23 07:44:00,Licht,mittel,erledigt
289,53,2023-07-22 10:22:00,Licht,leicht,erledigt
290,53,2024-04-05 17:45:00,Rahmen/Lenker,fahruntauglich,erledigt
291,53,2025-01-21 14:22:00,Reifen/Platten,mittel,erledigt
292,53,2026-06-13 15:16:00,Schaltung,mittel,erledigt
293,54,2022-10-22 19:56:00,Reifen/Platten,leicht,erledigt
294,54,2023-10-06 09:15:00,Bremse,fahruntauglich,erledigt
295,54,2024-06-28 13:48:00,Sattel/Sitzhaltung,mittel,erledigt
296,54,2025-07-11 14:59:00,Reifen/Platten,fahruntauglich,erledigt
297,54,2026-06-08 11:28:00,Reifen/Platten,fahruntauglich,erledigt
298,54,2026-06-10 19:36:00,Rahmen/Lenker,mittel,erledigt
299,55,2022-03-28 19:04:00,Rahmen/Lenker,leicht,erledigt
300,55,2023-04-03 18:19:00,Licht,mittel,erledigt
301,55,2024-05-22 18:09:00,Schaltung,fahruntauglich,erledigt
302,55,2025-05-22 16:02:00,Reifen/Platten,leicht,erledigt
303,55,2025-07-28 17:18:00,Bremse,leicht,erledigt
304,55,2026-02-10 14:08:00,Licht,fahruntauglich,erledigt
305,56,2023-02-20 08:24:00,Rahmen/Lenker,fahruntauglich,erledigt
306,56,2024-03-15 11:46:00,Reifen/Platten,fahruntauglich,erledigt
307,56,2024-08-27 13:26:00,Schaltung,fahruntauglich,erledigt
308,56,2025-06-22 14:54:00,Rahmen/Lenker,mittel,erledigt
309,57,2022-09-06 19:07:00,Sattel/Sitzhaltung,fahruntauglich,erledigt
310,57,2023-06-24 10:32:00,Licht,mittel,erledigt
311,57,2023-12-28 08:42:00,Schaltung,leicht,erledigt
312,57,2024-10-09 18:44:00,Schaltung,fahruntauglich,erledigt
313,57,2025-06-27 18:10:00,Licht,mittel,erledigt
314,57,2026-07-02 15:39:00,Rahmen/Lenker,mittel,erledigt
315,58,2022-08-12 14:51:00,Rahmen/Lenker,fahruntauglich,erledigt
316,58,2023-06-15 15:17:00,Licht,leicht,erledigt
317,58,2023-09-15 17:49:00,Rahmen/Lenker,leicht,erledigt
318,58,2024-07-05 11:03:00,Rahmen/Lenker,fahruntauglich,erledigt
319,58,2025-05-28 11:51:00,Rahmen/Lenker,mittel,erledigt
320,58,2025-08-11 18:42:00,Sattel/Sitzhaltung,leicht,erledigt
321,59,2023-05-09 14:27:00,Rahmen/Lenker,leicht,erledigt
322,59,2023-08-31 08:59:00,Bremse,fahruntauglich,erledigt
323,59,2025-03-21 08:17:00,Schaltung,fahruntauglich,erledigt
324,59,2026-03-31 07:10:00,Licht,fahruntauglich,erledigt
325,59,2026-07-21 17:09:00,Reifen/Platten,fahruntauglich,erledigt
326,60,2022-09-08 17:12:00,Schaltung,leicht,erledigt
327,60,2023-05-21 16:23:00,Bremse,leicht,erledigt
328,60,2023-09-20 12:19:00,Reifen/Platten,mittel,erledigt
329,60,2025-06-07 09:20:00,Schaltung,fahruntauglich,erledigt
330,60,2026-07-25 11:40:00,Rahmen/Lenker,fahruntauglich,erledigt
331,61,2022-07-09 13:46:00,Licht,fahruntauglich,erledigt
332,61,2023-06-03 15:55:00,Licht,leicht,erledigt
333,61,2023-12-11 10:54:00,Schaltung,leicht,erledigt
334,61,2024-10-01 09:14:00,Bremse,fahruntauglich,erledigt
335,62,2023-01-04 10:45:00,Reifen/Platten,fahruntauglich,erledigt
336,62,2023-10-26 14:59:00,Reifen/Platten,fahruntauglich,erledigt
337,62,2024-08-10 18:07:00,Schaltung,mittel,erledigt
338,62,2025-05-30 11:50:00,Schaltung,fahruntauglich,erledigt
339,62,2025-06-01 08:53:00,Reifen/Platten,fahruntauglich,erledigt
340,62,2026-05-27 19:42:00,Rahmen/Lenker,leicht,erledigt
341,63,2022-04-15 16:08:00,Bremse,mittel,erledigt
342,63,2023-06-17 16:40:00,Schaltung,mittel,erledigt
343,63,2024-06-07 12:27:00,Schaltung,leicht,erledigt
344,63,2024-07-23 19:52:00,Sattel/Sitzhaltung,fahruntauglich,erledigt
345,63,2025-05-01 14:07:00,Bremse,leicht,erledigt
346,63,2026-04-01 15:53:00,Reifen/Platten,fahruntauglich,erledigt
347,63,2026-07-22 14:05:00,Bremse,leicht,erledigt
348,64,2022-09-23 14:09:00,Schaltung,leicht,erledigt
349,64,2024-06-04 15:20:00,Schaltung,mittel,erledigt
350,64,2024-11-29 15:05:00,Reifen/Platten,leicht,erledigt
351,64,2026-08-08 16:03:00,Bremse,fahruntauglich,erledigt
352,65,2023-05-02 09:37:00,Schaltung,mittel,erledigt
353,65,2023-08-14 15:55:00,Bremse,leicht,erledigt
354,65,2024-07-25 16:58:00,Schaltung,fahruntauglich,erledigt
355,65,2025-04-16 07:13:00,Reifen/Platten,mittel,erledigt
356,65,2026-04-30 12:09:00,Rahmen/Lenker,mittel,erledigt
357,66,2022-08-11 18:00:00,Bremse,fahruntauglich,erledigt
358,66,2023-04-29 10:10:00,Sattel/Sitzhaltung,leicht,erledigt
359,66,2023-07-22 10:09:00,Bremse,fahruntauglich,erledigt
360,66,2024-10-09 17:47:00,Reifen/Platten,fahruntauglich,erledigt
361,66,2024-12-16 13:11:00,Rahmen/Lenker,mittel,erledigt
362,66,2025-07-19 16:11:00,Licht,fahruntauglich,erledigt
363,66,2026-01-29 17:07:00,Schaltung,mittel,erledigt
364,66,2026-06-29 17:23:00,Rahmen/Lenker,mittel,erledigt
365,67,2022-07-29 17:11:00,Licht,leicht,erledigt
366,67,2023-09-15 19:39:00,Licht,fahruntauglich,erledigt
367,67,2024-05-14 13:39:00,Bremse,fahruntauglich,erledigt
368,67,2025-08-07 08:13:00,Rahmen/Lenker,fahruntauglich,erledigt
369,67,2026-04-19 09:04:00,Schaltung,mittel,erledigt
370,68,2022-12-24 13:07:00,Reifen/Platten,leicht,erledigt
371,68,2023-09-18 16:38:00,Licht,fahruntauglich,erledigt
372,68,2024-08-17 10:20:00,Reifen/Platten,mittel,erledigt
373,68,2024-09-02 09:36:00,Sattel/Sitzhaltung,mittel,erledigt
374,68,2026-05-26 17:13:00,Bremse,fahruntauglich,erledigt
375,69,2022-12-05 14:19:00,Schaltung,fahruntauglich,erledigt
376,69,2023-06-02 10:47:00,Reifen/Platten,fahruntauglich,erledigt
377,69,2023-09-30 11:14:00,Sattel/Sitzhaltung,leicht,erledigt
378,69,2024-08-17 13:46:00,Sattel/Sitzhaltung,leicht,erledigt
379,69,2025-09-26 16:26:00,Sattel/Sitzhaltung,mittel,erledigt
380,69,2026-07-10 17:08:00,Rahmen/Lenker,fahruntauglich,erledigt
381,69,2026-08-22 11:19:00,Sattel/Sitzhaltung,leicht,offen
382,70,2023-03-23 12:14:00,Schaltung,mittel,erledigt
383,70,2023-06-22 16:26:00,Reifen/Platten,leicht,erledigt
384,70,2024-03-26 19:55:00,Bremse,leicht,erledigt
385,70,2024-10-26 12:11:00,Licht,leicht,erledigt
386,70,2025-06-28 16:15:00,Sattel/Sitzhaltung,fahruntauglich,erledigt
387,71,2022-08-30 16:44:00,Bremse,leicht,erledigt
388,71,2023-04-04 18:03:00,Bremse,leicht,erledigt
389,71,2024-07-23 11:03:00,Sattel/Sitzhaltung,mittel,erledigt
390,71,2025-02-26 18:45:00,Reifen/Platten,mittel,erledigt
391,71,2025-07-28 08:48:00,Schaltung,fahruntauglich,erledigt
392,72,2023-05-26 07:34:00,Sattel/Sitzhaltung,fahruntauglich,erledigt
393,72,2023-12-26 11:18:00,Reifen/Platten,leicht,erledigt
394,72,2024-07-25 09:05:00,Schaltung,leicht,erledigt
395,72,2024-11-18 19:34:00,Rahmen/Lenker,mittel,erledigt
396,72,2025-05-26 15:56:00,Schaltung,fahruntauglich,erledigt
397,72,2026-04-24 12:43:00,Bremse,leicht,erledigt
398,73,2023-05-26 12:19:00,Sattel/Sitzhaltung,fahruntauglich,erledigt
399,73,2024-04-07 18:19:00,Reifen/Platten,fahruntauglich,erledigt
400,73,2025-01-26 08:38:00,Sattel/Sitzhaltung,mittel,erledigt
401,73,2026-02-17 08:23:00,Schaltung,fahruntauglich,erledigt
402,74,2023-03-20 19:11:00,Licht,fahruntauglich,erledigt
403,74,2023-07-20 11:41:00,Licht,fahruntauglich,erledigt
404,74,2024-05-17 17:23:00,Sattel/Sitzhaltung,mittel,erledigt
405,74,2024-08-15 19:53:00,Schaltung,mittel,erledigt
406,74,2025-07-17 15:33:00,Schaltung,fahruntauglich,erledigt
407,75,2023-06-01 08:18:00,Bremse,mittel,erledigt
408,75,2023-09-17 11:57:00,Reifen/Platten,leicht,erledigt
409,75,2024-06-24 10:05:00,Bremse,fahruntauglich,erledigt
410,75,2024-09-18 07:07:00,Rahmen/Lenker,fahruntauglich,erledigt
411,75,2025-10-15 15:43:00,Schaltung,leicht,erledigt
412,76,2022-10-13 19:43:00,Rahmen/Lenker,fahruntauglich,erledigt
413,76,2023-06-21 19:32:00,Bremse,fahruntauglich,erledigt
414,76,2023-12-15 14:31:00,Sattel/Sitzhaltung,mittel,erledigt
415,76,2024-05-13 16:03:00,Bremse,fahruntauglich,erledigt
416,76,2024-11-07 14:38:00,Sattel/Sitzhaltung,mittel,erledigt
417,76,2025-08-31 12:13:00,Rahmen/Lenker,leicht,erledigt
418,76,2026-02-26 08:13:00,Rahmen/Lenker,leicht,erledigt
419,77,2022-07-04 10:02:00,Schaltung,mittel,erledigt
420,77,2023-07-06 15:19:00,Reifen/Platten,mittel,erledigt
421,77,2024-07-07 18:10:00,Bremse,fahruntauglich,erledigt
422,77,2025-04-27 17:17:00,Sattel/Sitzhaltung,fahruntauglich,erledigt
423,77,2026-07-18 11:00:00,Licht,leicht,erledigt
424,78,2022-09-14 08:14:00,Rahmen/Lenker,leicht,erledigt
425,78,2022-11-07 16:11:00,Reifen/Platten,leicht,erledigt
426,78,2023-08-29 19:43:00,Bremse,fahruntauglich,erledigt
427,78,2023-10-09 17:26:00,Bremse,leicht,erledigt
428,78,2024-08-26 12:12:00,Licht,mittel,erledigt
429,78,2025-09-19 08:46:00,Reifen/Platten,leicht,erledigt
430,78,2026-06-07 12:11:00,Bremse,mittel,erledigt
431,79,2022-07-27 16:18:00,Licht,fahruntauglich,erledigt
432,79,2023-09-20 18:28:00,Licht,fahruntauglich,erledigt
433,79,2024-07-18 13:58:00,Licht,mittel,erledigt
434,79,2025-05-03 09:42:00,Licht,fahruntauglich,erledigt
435,79,2025-10-28 15:53:00,Reifen/Platten,fahruntauglich,erledigt
436,80,2023-03-04 12:31:00,Sattel/Sitzhaltung,fahruntauglich,erledigt
437,80,2023-10-07 14:03:00,Licht,mittel,erledigt
438,80,2023-10-08 18:03:00,Sattel/Sitzhaltung,leicht,erledigt
439,80,2024-12-20 10:58:00,Reifen/Platten,mittel,erledigt
440,80,2025-06-27 11:08:00,Reifen/Platten,mittel,erledigt
441,81,2023-07-11 18:23:00,Sattel/Sitzhaltung,fahruntauglich,erledigt
442,81,2023-09-20 11:42:00,Licht,leicht,erledigt
443,81,2024-09-29 08:25:00,Rahmen/Lenker,mittel,erledigt
444,81,2025-05-24 18:27:00,Sattel/Sitzhaltung,leicht,erledigt
445,81,2025-10-15 19:28:00,Sattel/Sitzhaltung,mittel,erledigt
446,82,2022-07-07 09:01:00,Sattel/Sitzhaltung,leicht,erledigt
447,82,2023-02-13 12:27:00,Schaltung,mittel,erledigt
448,82,2024-10-01 18:11:00,Sattel/Sitzhaltung,leicht,erledigt
449,82,2025-11-01 10:32:00,Bremse,mittel,erledigt
450,82,2026-06-17 12:37:00,Schaltung,fahruntauglich,erledigt
451,83,2022-05-19 13:34:00,Bremse,mittel,erledigt
452,83,2023-03-22 13:25:00,Licht,mittel,erledigt
453,83,2023-06-14 18:59:00,Rahmen/Lenker,leicht,erledigt
454,83,2024-06-06 18:11:00,Rahmen/Lenker,fahruntauglich,erledigt
455,83,2025-06-27 12:22:00,Bremse,mittel,erledigt
456,83,2026-05-21 15:41:00,Sattel/Sitzhaltung,fahruntauglich,erledigt
457,84,2022-07-25 14:38:00,Bremse,leicht,erledigt
458,84,2023-06-11 18:16:00,Licht,fahruntauglich,erledigt
459,84,2024-04-20 08:40:00,Licht,fahruntauglich,erledigt
460,84,2025-05-14 13:00:00,Schaltung,leicht,erledigt
461,84,2026-07-07 15:41:00,Schaltung,fahruntauglich,erledigt
462,85,2022-06-21 11:02:00,Rahmen/Lenker,fahruntauglich,erledigt
463,85,2022-08-16 18:53:00,Reifen/Platten,leicht,erledigt
464,85,2023-03-23 07:49:00,Rahmen/Lenker,leicht,erledigt
465,85,2023-08-08 15:36:00,Schaltung,mittel,erledigt
466,85,2024-10-24 16:52:00,Bremse,fahruntauglich,erledigt
467,85,2026-02-23 12:59:00,Bremse,leicht,erledigt
468,85,2026-06-16 11:32:00,Rahmen/Lenker,mittel,erledigt
469,86,2023-05-23 07:57:00,Licht,mittel,erledigt
470,86,2023-05-25 19:12:00,Reifen/Platten,fahruntauglich,erledigt
471,86,2024-01-24 14:26:00,Licht,fahruntauglich,erledigt
472,86,2025-07-04 07:04:00,Sattel/Sitzhaltung,fahruntauglich,erledigt
473,87,2022-06-20 17:14:00,Schaltung,leicht,erledigt
474,87,2023-05-24 17:42:00,Sattel/Sitzhaltung,mittel,erledigt
475,87,2023-09-24 10:02:00,Bremse,mittel,erledigt
476,87,2024-06-28 10:34:00,Schaltung,fahruntauglich,erledigt
477,87,2025-05-12 14:43:00,Schaltung,leicht,erledigt
478,87,2025-08-23 16:37:00,Reifen/Platten,fahruntauglich,erledigt
479,87,2025-11-26 07:00:00,Schaltung,mittel,erledigt
480,87,2026-08-14 19:33:00,Reifen/Platten,leicht,offen
481,88,2022-07-29 13:46:00,Rahmen/Lenker,fahruntauglich,erledigt
482,88,2023-06-19 11:06:00,Reifen/Platten,leicht,erledigt
483,88,2023-11-25 08:04:00,Rahmen/Lenker,mittel,erledigt
484,88,2024-05-01 09:41:00,Bremse,leicht,erledigt
485,88,2025-05-23 12:15:00,Licht,mittel,erledigt
486,89,2022-09-03 18:18:00,Bremse,leicht,erledigt
487,89,2023-02-23 09:51:00,Bremse,mittel,erledigt
488,89,2023-07-11 09:13:00,Schaltung,fahruntauglich,erledigt
489,89,2024-02-06 12:34:00,Schaltung,leicht,erledigt
490,89,2025-04-16 15:17:00,Sattel/Sitzhaltung,mittel,erledigt
491,89,2025-08-06 18:24:00,Schaltung,fahruntauglich,erledigt
492,89,2026-04-21 14:35:00,Licht,fahruntauglich,erledigt
493,90,2022-12-25 11:39:00,Rahmen/Lenker,fahruntauglich,erledigt
494,90,2023-08-24 13:23:00,Licht,leicht,erledigt
495,90,2024-09-04 16:35:00,Bremse,leicht,erledigt
496,90,2025-07-01 08:52:00,Schaltung,fahruntauglich,erledigt
497,91,2023-01-19 15:13:00,Rahmen/Lenker,fahruntauglich,erledigt
498,91,2023-05-26 15:00:00,Rahmen/Lenker,mittel,erledigt
499,91,2024-01-22 14:09:00,Licht,fahruntauglich,erledigt
500,91,2024-10-09 19:16:00,Sattel/Sitzhaltung,mittel,erledigt
501,91,2025-05-20 15:01:00,Licht,leicht,erledigt
502,91,2025-09-08 09:12:00,Bremse,leicht,erledigt
503,92,2023-02-02 14:18:00,Sattel/Sitzhaltung,fahruntauglich,erledigt
504,92,2023-09-27 19:33:00,Bremse,leicht,erledigt
505,92,2024-06-29 07:58:00,Rahmen/Lenker,fahruntauglich,erledigt
506,92,2025-02-25 15:19:00,Sattel/Sitzhaltung,mittel,erledigt
507,92,2025-08-14 19:08:00,Rahmen/Lenker,leicht,erledigt
508,92,2026-04-26 10:36:00,Bremse,mittel,erledigt
509,93,2022-10-04 18:11:00,Reifen/Platten,fahruntauglich,erledigt
510,93,2023-06-21 19:38:00,Rahmen/Lenker,mittel,erledigt
511,93,2023-08-27 09:58:00,Licht,mittel,erledigt
512,93,2024-03-17 08:16:00,Rahmen/Lenker,leicht,erledigt
513,93,2025-04-02 17:53:00,Reifen/Platten,fahruntauglich,erledigt
514,93,2026-06-13 09:27:00,Schaltung,mittel,erledigt
515,93,2026-06-16 17:00:00,Schaltung,fahruntauglich,erledigt
516,94,2023-03-21 17:37:00,Licht,fahruntauglich,erledigt
517,94,2023-09-26 13:02:00,Schaltung,mittel,erledigt
518,94,2025-04-10 16:25:00,Schaltung,fahruntauglich,erledigt
519,94,2025-09-06 11:03:00,Sattel/Sitzhaltung,mittel,erledigt
520,94,2026-04-30 13:39:00,Licht,mittel,erledigt
521,95,2022-11-10 15:45:00,Sattel/Sitzhaltung,fahruntauglich,erledigt
522,95,2023-01-16 19:55:00,Rahmen/Lenker,leicht,erledigt
523,95,2023-07-23 13:35:00,Sattel/Sitzhaltung,leicht,erledigt
524,95,2024-10-17 10:50:00,Sattel/Sitzhaltung,fahruntauglich,erledigt
525,95,2026-01-14 13:46:00,Schaltung,fahruntauglich,erledigt
526,96,2021-10-25 11:58:00,Licht,fahruntauglich,erledigt
527,96,2023-04-18 14:44:00,Reifen/Platten,mittel,erledigt
528,96,2024-03-14 12:14:00,Rahmen/Lenker,fahruntauglich,erledigt
529,96,2024-09-13 10:51:00,Sattel/Sitzhaltung,fahruntauglich,erledigt
530,96,2025-08-06 11:07:00,Sattel/Sitzhaltung,leicht,erledigt
531,96,2026-06-01 07:03:00,Sattel/Sitzhaltung,fahruntauglich,erledigt
532,96,2026-06-23 17:32:00,Schaltung,leicht,erledigt
533,97,2022-07-31 14:27:00,Rahmen/Lenker,leicht,erledigt
534,97,2023-06-13 08:26:00,Bremse,fahruntauglich,erledigt
535,97,2023-10-12 11:58:00,Licht,leicht,erledigt
536,97,2024-10-28 08:47:00,Reifen/Platten,fahruntauglich,erledigt
537,97,2025-11-27 18:40:00,Schaltung,fahruntauglich,erledigt
538,98,2022-05-29 07:59:00,Sattel/Sitzhaltung,fahruntauglich,erledigt
539,98,2023-02-20 11:44:00,Sattel/Sitzhaltung,fahruntauglich,erledigt
540,98,2023-09-29 07:11:00,Schaltung,leicht,erledigt
541,98,2025-05-06 15:31:00,Schaltung,mittel,erledigt
542,98,2025-05-23 07:34:00,Bremse,leicht,erledigt
543,98,2026-02-27 19:56:00,Sattel/Sitzhaltung,mittel,erledigt
544,99,2023-05-23 12:12:00,Reifen/Platten,mittel,erledigt
545,99,2023-10-08 12:26:00,Bremse,fahruntauglich,erledigt
546,99,2024-06-14 15:05:00,Licht,leicht,erledigt
547,99,2024-09-04 19:50:00,Bremse,leicht,erledigt
548,99,2026-01-27 10:39:00,Licht,fahruntauglich,erledigt
549,100,2023-04-28 07:14:00,Sattel/Sitzhaltung,fahruntauglich,erledigt
550,100,2023-09-07 09:51:00,Licht,leicht,erledigt
551,100,2024-07-25 10:26:00,Sattel/Sitzhaltung,mittel,erledigt
552,100,2025-04-19 19:07:00,Licht,mittel,erledigt
553,100,2025-07-02 07:57:00,Rahmen/Lenker,leicht,erledigt
554,100,2026-03-02 09:13:00,Schaltung,mittel,erledigt
555,100,2026-07-03 08:23:00,Licht,leicht,erledigt
556,101,2022-08-24 13:53:00,Schaltung,fahruntauglich,erledigt
557,101,2023-04-09 08:20:00,Schaltung,mittel,erledigt
558,101,2024-01-31 15:19:00,Licht,leicht,erledigt
559,101,2024-07-17 10:59:00,Reifen/Platten,mittel,erledigt
560,101,2025-02-03 09:45:00,Rahmen/Lenker,leicht,erledigt
561,101,2025-07-22 16:42:00,Bremse,leicht,erledigt
562,101,2026-07-21 11:54:00,Bremse,fahruntauglich,erledigt
563,102,2022-12-30 11:49:00,Licht,fahruntauglich,erledigt
564,102,2023-07-13 10:06:00,Bremse,fahruntauglich,erledigt
565,102,2024-05-22 10:01:00,Reifen/Platten,mittel,erledigt
566,102,2025-09-19 11:55:00,Rahmen/Lenker,fahruntauglich,erledigt
567,102,2026-02-03 17:14:00,Reifen/Platten,mittel,erledigt
568,103,2022-08-06 19:25:00,Rahmen/Lenker,fahruntauglich,erledigt
569,103,2023-08-13 10:29:00,Reifen/Platten,fahruntauglich,erledigt
570,103,2024-06-25 10:04:00,Reifen/Platten,fahruntauglich,erledigt
571,103,2025-07-02 12:15:00,Rahmen/Lenker,fahruntauglich,erledigt
572,103,2026-04-17 14:54:00,Sattel/Sitzhaltung,fahruntauglich,erledigt
573,104,2023-04-04 15:19:00,Sattel/Sitzhaltung,mittel,erledigt
574,104,2023-05-20 18:26:00,Sattel/Sitzhaltung,mittel,erledigt
575,104,2023-10-17 07:15:00,Rahmen/Lenker,fahruntauglich,erledigt
576,104,2024-07-02 08:52:00,Sattel/Sitzhaltung,leicht,erledigt
577,104,2025-01-25 09:05:00,Sattel/Sitzhaltung,mittel,erledigt
578,104,2025-04-29 13:54:00,Licht,mittel,erledigt
579,104,2026-04-15 15:06:00,Reifen/Platten,fahruntauglich,erledigt
580,104,2026-04-16 14:29:00,Reifen/Platten,leicht,erledigt
581,105,2023-07-06 13:46:00,Schaltung,fahruntauglich,erledigt
582,105,2024-06-06 13:07:00,Sattel/Sitzhaltung,fahruntauglich,erledigt
583,105,2024-07-15 07:54:00,Licht,mittel,erledigt
584,105,2024-12-09 09:00:00,Sattel/Sitzhaltung,leicht,erledigt
585,105,2025-06-23 17:54:00,Bremse,leicht,erledigt
586,105,2026-07-04 17:57:00,Rahmen/Lenker,fahruntauglich,erledigt
587,106,2022-07-24 07:19:00,Motor/Unterstuetzung,fahruntauglich,erledigt
588,106,2023-01-06 19:23:00,Sattel/Sitzhaltung,fahruntauglich,erledigt
589,106,2023-06-22 17:01:00,Akku,leicht,erledigt
590,106,2024-06-09 07:33:00,Sattel/Sitzhaltung,mittel,erledigt
591,106,2024-09-05 10:32:00,Rahmen/Lenker,fahruntauglich,erledigt
592,106,2025-07-02 19:41:00,Bremse,fahruntauglich,erledigt
593,107,2022-08-16 11:28:00,Licht,fahruntauglich,erledigt
594,107,2023-05-05 14:24:00,Motor/Unterstuetzung,fahruntauglich,erledigt
595,107,2023-07-19 07:01:00,Akku,mittel,erledigt
596,107,2024-05-02 13:04:00,Schaltung,leicht,erledigt
597,107,2024-07-19 17:01:00,Motor/Unterstuetzung,mittel,erledigt
598,107,2025-08-03 09:49:00,Reifen/Platten,fahruntauglich,erledigt
599,108,2022-07-24 16:42:00,Bremse,fahruntauglich,erledigt
600,108,2022-09-05 10:22:00,Sattel/Sitzhaltung,mittel,erledigt
601,108,2023-07-22 19:35:00,Motor/Unterstuetzung,leicht,erledigt
602,108,2024-06-07 19:57:00,Licht,fahruntauglich,erledigt
603,108,2024-07-28 10:45:00,Reifen/Platten,leicht,erledigt
604,108,2025-04-24 16:44:00,Akku,mittel,erledigt
605,108,2026-07-06 19:35:00,Motor/Unterstuetzung,mittel,erledigt
606,108,2026-07-07 19:05:00,Schaltung,mittel,erledigt
607,109,2022-04-21 10:15:00,Bremse,fahruntauglich,erledigt
608,109,2022-09-24 17:17:00,Sattel/Sitzhaltung,mittel,erledigt
609,109,2023-09-27 14:58:00,Sattel/Sitzhaltung,fahruntauglich,erledigt
610,109,2024-03-21 08:38:00,Motor/Unterstuetzung,mittel,erledigt
611,109,2024-07-26 15:42:00,Akku,fahruntauglich,erledigt
612,109,2024-11-20 13:41:00,Rahmen/Lenker,leicht,erledigt
613,109,2025-09-30 07:15:00,Licht,leicht,erledigt
614,109,2026-07-27 17:24:00,Sattel/Sitzhaltung,fahruntauglich,erledigt
615,110,2022-05-30 19:11:00,Licht,fahruntauglich,erledigt
616,110,2022-09-05 09:22:00,Rahmen/Lenker,leicht,erledigt
617,110,2023-04-09 09:31:00,Schaltung,mittel,erledigt
618,110,2023-06-22 15:14:00,Schaltung,leicht,erledigt
619,110,2023-10-03 17:03:00,Akku,mittel,erledigt
620,110,2024-05-18 16:10:00,Bremse,leicht,erledigt
621,110,2024-11-15 18:53:00,Sattel/Sitzhaltung,fahruntauglich,erledigt
622,110,2026-01-03 14:42:00,Akku,fahruntauglich,erledigt
623,111,2022-05-02 15:20:00,Schaltung,leicht,erledigt
624,111,2023-01-13 09:03:00,Schaltung,fahruntauglich,erledigt
625,111,2023-09-02 17:25:00,Sattel/Sitzhaltung,mittel,erledigt
626,111,2024-02-21 18:29:00,Licht,fahruntauglich,erledigt
627,111,2024-09-01 12:33:00,Motor/Unterstuetzung,leicht,erledigt
628,111,2025-07-02 17:57:00,Bremse,fahruntauglich,erledigt
629,111,2026-04-07 15:48:00,Sattel/Sitzhaltung,mittel,erledigt
630,112,2022-01-15 15:16:00,Motor/Unterstuetzung,fahruntauglich,erledigt
631,112,2023-04-11 19:03:00,Akku,mittel,erledigt
632,112,2023-10-12 15:36:00,Rahmen/Lenker,fahruntauglich,erledigt
633,112,2024-02-11 18:23:00,Rahmen/Lenker,fahruntauglich,erledigt
634,112,2024-10-25 08:58:00,Schaltung,fahruntauglich,erledigt
635,112,2025-05-12 15:58:00,Schaltung,mittel,erledigt
636,112,2026-01-11 10:25:00,Reifen/Platten,fahruntauglich,erledigt
637,112,2026-04-02 11:13:00,Reifen/Platten,fahruntauglich,erledigt
638,113,2022-09-01 12:55:00,Reifen/Platten,fahruntauglich,erledigt
639,113,2023-02-07 16:57:00,Licht,leicht,erledigt
640,113,2023-06-17 12:44:00,Akku,mittel,erledigt
641,113,2023-10-08 18:37:00,Schaltung,mittel,erledigt
642,113,2024-06-16 13:08:00,Bremse,mittel,erledigt
643,113,2025-04-18 12:17:00,Motor/Unterstuetzung,fahruntauglich,erledigt
644,113,2025-09-20 07:24:00,Bremse,leicht,erledigt
645,114,2023-01-06 12:27:00,Reifen/Platten,mittel,erledigt
646,114,2023-06-17 16:23:00,Schaltung,fahruntauglich,erledigt
647,114,2023-09-22 09:19:00,Rahmen/Lenker,mittel,erledigt
648,114,2024-01-07 17:14:00,Rahmen/Lenker,leicht,erledigt
649,114,2024-09-13 07:38:00,Bremse,mittel,erledigt
650,115,2022-04-06 19:16:00,Schaltung,mittel,erledigt
651,115,2023-04-19 11:48:00,Akku,fahruntauglich,erledigt
652,115,2024-03-22 14:01:00,Schaltung,fahruntauglich,erledigt
653,115,2025-03-26 18:32:00,Akku,fahruntauglich,erledigt
654,115,2025-09-30 09:31:00,Licht,fahruntauglich,erledigt
655,116,2022-05-12 16:02:00,Sattel/Sitzhaltung,mittel,erledigt
656,116,2022-11-30 14:02:00,Schaltung,fahruntauglich,erledigt
657,116,2024-02-06 11:55:00,Schaltung,mittel,erledigt
658,116,2024-03-18 07:31:00,Schaltung,leicht,erledigt
659,116,2024-10-21 13:38:00,Akku,fahruntauglich,erledigt
660,116,2025-06-27 09:44:00,Akku,mittel,erledigt
661,116,2025-09-06 09:49:00,Akku,fahruntauglich,erledigt
662,117,2022-05-19 08:17:00,Reifen/Platten,mittel,erledigt
663,117,2022-09-24 09:10:00,Motor/Unterstuetzung,fahruntauglich,erledigt
664,117,2023-03-22 10:44:00,Sattel/Sitzhaltung,fahruntauglich,erledigt
665,117,2023-07-17 15:57:00,Bremse,leicht,erledigt
666,117,2023-07-19 18:26:00,Motor/Unterstuetzung,fahruntauglich,erledigt
667,117,2023-08-19 10:52:00,Reifen/Platten,fahruntauglich,erledigt
668,117,2024-09-25 10:07:00,Sattel/Sitzhaltung,mittel,erledigt
669,117,2025-07-23 08:06:00,Rahmen/Lenker,mittel,erledigt
670,118,2022-06-10 16:57:00,Schaltung,fahruntauglich,erledigt
671,118,2023-04-13 11:20:00,Reifen/Platten,fahruntauglich,erledigt
672,118,2023-07-10 18:42:00,Rahmen/Lenker,leicht,erledigt
673,118,2024-04-12 09:24:00,Reifen/Platten,mittel,erledigt
674,118,2024-08-14 13:09:00,Rahmen/Lenker,mittel,erledigt
675,118,2025-05-31 09:50:00,Sattel/Sitzhaltung,leicht,erledigt
676,118,2026-04-13 12:37:00,Rahmen/Lenker,fahruntauglich,erledigt
677,119,2022-07-03 08:31:00,Sattel/Sitzhaltung,leicht,erledigt
678,119,2023-01-06 16:24:00,Motor/Unterstuetzung,mittel,erledigt
679,119,2023-07-25 13:02:00,Akku,mittel,erledigt
680,119,2024-03-12 13:11:00,Schaltung,fahruntauglich,erledigt
681,119,2024-06-27 09:58:00,Sattel/Sitzhaltung,fahruntauglich,erledigt
682,119,2025-04-02 09:19:00,Schaltung,leicht,erledigt
683,119,2025-10-05 11:58:00,Motor/Unterstuetzung,fahruntauglich,erledigt
684,120,2022-05-13 14:59:00,Reifen/Platten,fahruntauglich,erledigt
685,120,2022-09-26 17:38:00,Motor/Unterstuetzung,leicht,erledigt
686,120,2023-03-14 07:00:00,Akku,leicht,erledigt
687,120,2023-06-27 08:08:00,Akku,leicht,erledigt
688,120,2023-10-14 15:09:00,Schaltung,mittel,erledigt
689,120,2024-07-25 10:52:00,Reifen/Platten,fahruntauglich,erledigt
690,120,2025-07-11 18:35:00,Akku,fahruntauglich,erledigt
691,120,2026-02-01 18:02:00,Licht,fahruntauglich,erledigt
692,120,2026-06-21 10:48:00,Akku,fahruntauglich,erledigt
693,120,2026-06-22 08:30:00,Rahmen/Lenker,mittel,erledigt
694,121,2022-05-29 16:34:00,Motor/Unterstuetzung,mittel,erledigt
695,121,2023-07-23 14:53:00,Akku,leicht,erledigt
696,121,2023-08-05 07:09:00,Akku,mittel,erledigt
697,121,2024-02-21 11:37:00,Rahmen/Lenker,leicht,erledigt
698,121,2024-09-27 14:05:00,Reifen/Platten,fahruntauglich,erledigt
699,121,2025-05-04 17:18:00,Reifen/Platten,fahruntauglich,erledigt
700,121,2025-08-20 14:30:00,Rahmen/Lenker,leicht,erledigt
701,122,2022-07-20 19:44:00,Reifen/Platten,leicht,erledigt
702,122,2023-06-27 12:20:00,Motor/Unterstuetzung,fahruntauglich,erledigt
703,122,2024-06-03 14:42:00,Bremse,mittel,erledigt
704,122,2024-06-04 17:13:00,Motor/Unterstuetzung,mittel,erledigt
705,122,2024-09-08 07:02:00,Bremse,leicht,erledigt
706,122,2025-05-01 13:59:00,Bremse,fahruntauglich,erledigt
707,122,2025-11-27 07:25:00,Sattel/Sitzhaltung,mittel,erledigt
708,123,2022-08-15 18:51:00,Rahmen/Lenker,mittel,erledigt
709,123,2023-04-06 10:57:00,Rahmen/Lenker,leicht,erledigt
710,123,2023-08-25 08:54:00,Bremse,mittel,erledigt
711,123,2024-09-06 08:30:00,Bremse,fahruntauglich,erledigt
712,123,2025-05-13 12:35:00,Rahmen/Lenker,fahruntauglich,erledigt
713,124,2022-08-31 08:43:00,Sattel/Sitzhaltung,fahruntauglich,erledigt
714,124,2023-05-02 13:52:00,Licht,fahruntauglich,erledigt
715,124,2023-10-17 19:50:00,Sattel/Sitzhaltung,mittel,erledigt
716,124,2024-09-10 08:30:00,Motor/Unterstuetzung,mittel,erledigt
717,124,2024-09-12 07:52:00,Motor/Unterstuetzung,mittel,erledigt
718,124,2025-02-13 18:18:00,Akku,leicht,erledigt
719,124,2025-08-11 15:19:00,Bremse,fahruntauglich,erledigt
720,124,2026-04-03 11:14:00,Reifen/Platten,leicht,erledigt
721,125,2022-08-08 14:09:00,Sattel/Sitzhaltung,mittel,erledigt
722,125,2023-06-08 18:31:00,Rahmen/Lenker,mittel,erledigt
723,125,2024-05-09 15:29:00,Schaltung,leicht,erledigt
724,125,2024-08-30 07:08:00,Akku,fahruntauglich,erledigt
725,125,2025-07-11 13:06:00,Akku,leicht,erledigt
726,125,2025-10-04 16:02:00,Reifen/Platten,leicht,erledigt
727,126,2022-08-27 17:38:00,Rahmen/Lenker,fahruntauglich,erledigt
728,126,2022-11-16 15:39:00,Schaltung,fahruntauglich,erledigt
729,126,2023-09-24 17:22:00,Licht,fahruntauglich,erledigt
730,126,2024-07-22 14:24:00,Akku,mittel,erledigt
731,126,2024-07-25 13:14:00,Bremse,mittel,erledigt
732,126,2025-05-09 13:36:00,Akku,fahruntauglich,erledigt
733,126,2026-02-26 18:17:00,Schaltung,mittel,erledigt
734,126,2026-05-22 12:04:00,Reifen/Platten,mittel,erledigt
735,127,2022-06-20 12:59:00,Licht,leicht,erledigt
736,127,2023-06-13 07:40:00,Schaltung,leicht,erledigt
737,127,2023-09-16 19:46:00,Sattel/Sitzhaltung,mittel,erledigt
738,127,2024-08-22 16:33:00,Rahmen/Lenker,mittel,erledigt
739,127,2024-10-03 12:31:00,Licht,mittel,erledigt
740,127,2025-09-06 16:14:00,Motor/Unterstuetzung,mittel,erledigt
741,127,2026-01-20 10:00:00,Akku,leicht,erledigt
742,128,2022-08-13 09:29:00,Akku,mittel,erledigt
743,128,2023-06-19 19:00:00,Akku,fahruntauglich,erledigt
744,128,2023-07-23 12:35:00,Akku,mittel,erledigt
745,128,2024-04-28 07:58:00,Rahmen/Lenker,leicht,erledigt
746,128,2024-11-09 17:04:00,Reifen/Platten,mittel,erledigt
747,128,2024-11-10 14:37:00,Reifen/Platten,fahruntauglich,erledigt
748,128,2025-09-16 09:03:00,Sattel/Sitzhaltung,mittel,erledigt
749,128,2026-07-18 14:16:00,Bremse,mittel,erledigt
750,129,2022-09-22 18:38:00,Sattel/Sitzhaltung,fahruntauglich,erledigt
751,129,2023-05-31 11:44:00,Motor/Unterstuetzung,leicht,erledigt
752,129,2023-08-18 17:24:00,Sattel/Sitzhaltung,mittel,erledigt
753,129,2024-03-08 15:27:00,Rahmen/Lenker,fahruntauglich,erledigt
754,129,2025-02-07 18:42:00,Bremse,fahruntauglich,erledigt
755,129,2025-09-12 10:11:00,Bremse,fahruntauglich,erledigt
756,129,2025-11-06 08:37:00,Reifen/Platten,leicht,erledigt
757,129,2026-08-11 19:19:00,Sattel/Sitzhaltung,fahruntauglich,erledigt
758,130,2022-08-24 15:11:00,Schaltung,fahruntauglich,erledigt
759,130,2023-03-24 18:45:00,Bremse,mittel,erledigt
760,130,2023-08-10 15:37:00,Licht,mittel,erledigt
761,130,2024-07-15 09:25:00,Licht,fahruntauglich,erledigt
762,130,2024-08-13 11:10:00,Rahmen/Lenker,mittel,erledigt
763,130,2025-06-05 08:03:00,Sattel/Sitzhaltung,mittel,erledigt
764,130,2025-09-16 09:14:00,Bremse,fahruntauglich,erledigt
765,131,2021-11-15 13:38:00,Rahmen/Lenker,leicht,erledigt
766,131,2022-10-11 09:57:00,Reifen/Platten,leicht,erledigt
767,131,2023-04-29 13:57:00,Rahmen/Lenker,mittel,erledigt
768,131,2023-06-22 08:00:00,Sattel/Sitzhaltung,fahruntauglich,erledigt
769,131,2023-12-31 19:17:00,Schaltung,leicht,erledigt
770,131,2024-08-10 14:26:00,Licht,mittel,erledigt
771,131,2025-09-09 13:55:00,Schaltung,mittel,erledigt
772,132,2022-11-06 12:38:00,Sattel/Sitzhaltung,fahruntauglich,erledigt
773,132,2023-06-27 15:32:00,Licht,leicht,erledigt
774,132,2023-12-18 13:33:00,Rahmen/Lenker,leicht,erledigt
775,132,2025-09-16 15:01:00,Schaltung,fahruntauglich,erledigt
776,132,2025-12-08 10:11:00,Bremse,mittel,erledigt
777,133,2022-07-01 19:37:00,Sattel/Sitzhaltung,leicht,erledigt
778,133,2022-10-26 19:50:00,Sattel/Sitzhaltung,mittel,erledigt
779,133,2023-04-30 11:37:00,Rahmen/Lenker,leicht,erledigt
780,133,2024-06-06 08:23:00,Sattel/Sitzhaltung,fahruntauglich,erledigt
781,133,2024-09-27 17:46:00,Rahmen/Lenker,leicht,erledigt
782,133,2025-06-03 09:12:00,Sattel/Sitzhaltung,mittel,erledigt
783,133,2026-08-08 16:04:00,Rahmen/Lenker,fahruntauglich,erledigt
784,134,2022-10-12 16:15:00,Rahmen/Lenker,leicht,erledigt
785,134,2023-08-21 18:53:00,Schaltung,fahruntauglich,erledigt
786,134,2024-05-19 14:59:00,Sattel/Sitzhaltung,mittel,erledigt
787,134,2025-05-22 10:48:00,Licht,fahruntauglich,erledigt
788,134,2025-09-23 14:57:00,Schaltung,leicht,erledigt
789,134,2026-04-03 13:28:00,Reifen/Platten,leicht,erledigt
790,134,2026-07-12 18:23:00,Sattel/Sitzhaltung,fahruntauglich,erledigt
791,135,2022-06-17 07:57:00,Schaltung,fahruntauglich,erledigt
792,135,2022-08-31 14:39:00,Schaltung,fahruntauglich,erledigt
793,135,2023-09-17 15:59:00,Reifen/Platten,mittel,erledigt
794,135,2025-03-08 09:40:00,Reifen/Platten,mittel,erledigt
795,135,2025-09-27 11:30:00,Bremse,mittel,erledigt
796,135,2026-08-03 13:36:00,Bremse,leicht,erledigt
797,136,2023-01-27 10:04:00,Reifen/Platten,fahruntauglich,erledigt
798,136,2023-11-24 13:04:00,Reifen/Platten,fahruntauglich,erledigt
799,136,2024-07-23 12:48:00,Reifen/Platten,fahruntauglich,erledigt
800,136,2025-07-09 17:10:00,Schaltung,leicht,erledigt
801,136,2025-09-22 08:18:00,Sattel/Sitzhaltung,mittel,erledigt
802,137,2022-11-12 10:23:00,Bremse,mittel,erledigt
803,137,2023-07-11 17:47:00,Reifen/Platten,mittel,erledigt
804,137,2023-11-07 17:55:00,Licht,fahruntauglich,erledigt
805,137,2024-10-25 17:35:00,Sattel/Sitzhaltung,leicht,erledigt
806,137,2025-03-21 12:41:00,Rahmen/Lenker,mittel,erledigt
807,137,2025-07-31 07:56:00,Schaltung,mittel,erledigt
808,137,2025-09-23 14:47:00,Rahmen/Lenker,mittel,erledigt
809,138,2022-05-13 10:52:00,Schaltung,fahruntauglich,erledigt
810,138,2023-08-12 15:08:00,Sattel/Sitzhaltung,fahruntauglich,erledigt
811,138,2023-08-13 07:56:00,Schaltung,fahruntauglich,erledigt
812,138,2023-10-05 09:35:00,Schaltung,mittel,erledigt
813,138,2024-07-26 08:35:00,Rahmen/Lenker,leicht,erledigt
814,138,2025-09-04 18:33:00,Reifen/Platten,fahruntauglich,erledigt
815,139,2022-03-18 11:35:00,Sattel/Sitzhaltung,fahruntauglich,erledigt
816,139,2023-07-06 16:04:00,Schaltung,fahruntauglich,erledigt
817,139,2023-09-21 15:40:00,Rahmen/Lenker,fahruntauglich,erledigt
818,139,2024-09-18 09:13:00,Licht,mittel,erledigt
819,139,2025-03-18 18:39:00,Sattel/Sitzhaltung,fahruntauglich,erledigt
820,139,2025-10-17 13:25:00,Schaltung,fahruntauglich,erledigt
821,140,2022-07-27 07:26:00,Reifen/Platten,fahruntauglich,erledigt
822,140,2023-06-14 09:29:00,Rahmen/Lenker,fahruntauglich,erledigt
823,140,2024-05-23 09:33:00,Sattel/Sitzhaltung,leicht,erledigt
824,140,2024-12-17 12:37:00,Sattel/Sitzhaltung,fahruntauglich,erledigt
825,141,2022-03-22 15:45:00,Sattel/Sitzhaltung,fahruntauglich,erledigt
826,141,2023-05-02 12:53:00,Rahmen/Lenker,fahruntauglich,erledigt
827,141,2023-10-11 10:40:00,Bremse,mittel,erledigt
828,141,2024-10-22 07:48:00,Rahmen/Lenker,fahruntauglich,erledigt
829,141,2025-10-04 11:07:00,Reifen/Platten,fahruntauglich,erledigt
830,142,2022-08-29 07:45:00,Licht,mittel,erledigt
831,142,2023-07-19 07:51:00,Rahmen/Lenker,leicht,erledigt
832,142,2023-09-25 07:12:00,Bremse,fahruntauglich,erledigt
833,142,2024-06-10 08:48:00,Bremse,fahruntauglich,erledigt
834,142,2025-07-06 11:16:00,Rahmen/Lenker,mittel,erledigt
835,142,2025-07-08 18:21:00,Bremse,fahruntauglich,erledigt
836,143,2022-04-11 14:27:00,Bremse,leicht,erledigt
837,143,2022-11-23 19:18:00,Schaltung,fahruntauglich,erledigt
838,143,2023-09-18 14:52:00,Sattel/Sitzhaltung,leicht,erledigt
839,143,2025-04-05 09:54:00,Sattel/Sitzhaltung,fahruntauglich,erledigt
840,143,2025-08-07 19:16:00,Bremse,leicht,erledigt
841,143,2026-03-25 18:08:00,Sattel/Sitzhaltung,fahruntauglich,erledigt
842,144,2022-06-08 09:38:00,Reifen/Platten,mittel,erledigt
843,144,2023-05-12 12:49:00,Schaltung,mittel,erledigt
844,144,2024-01-27 18:07:00,Reifen/Platten,fahruntauglich,erledigt
845,144,2025-04-28 17:18:00,Sattel/Sitzhaltung,leicht,erledigt
846,144,2025-10-03 09:25:00,Licht,leicht,erledigt
847,145,2023-05-23 07:47:00,Bremse,mittel,erledigt
848,145,2023-11-14 09:59:00,Sattel/Sitzhaltung,mittel,erledigt
849,145,2024-10-15 15:22:00,Reifen/Platten,mittel,erledigt
850,145,2025-12-03 08:05:00,Schaltung,fahruntauglich,erledigt
851,146,2022-05-03 13:57:00,Rahmen/Lenker,leicht,erledigt
852,146,2023-02-03 12:42:00,Bremse,mittel,erledigt
853,146,2024-04-25 10:56:00,Schaltung,mittel,erledigt
854,146,2024-12-24 14:08:00,Rahmen/Lenker,leicht,erledigt
855,146,2025-07-24 16:54:00,Licht,leicht,erledigt
856,146,2026-03-17 17:54:00,Rahmen/Lenker,fahruntauglich,erledigt
857,147,2023-02-18 16:45:00,Reifen/Platten,leicht,erledigt
858,147,2023-05-17 19:17:00,Reifen/Platten,leicht,erledigt
859,147,2023-09-25 17:39:00,Sattel/Sitzhaltung,leicht,erledigt
860,147,2024-06-10 12:17:00,Schaltung,mittel,erledigt
861,147,2024-07-18 11:30:00,Sattel/Sitzhaltung,fahruntauglich,erledigt
862,147,2025-07-23 11:49:00,Sattel/Sitzhaltung,mittel,erledigt
863,148,2023-04-17 14:59:00,Reifen/Platten,fahruntauglich,erledigt
864,148,2023-09-12 07:18:00,Schaltung,mittel,erledigt
865,148,2024-05-15 17:12:00,Bremse,fahruntauglich,erledigt
866,148,2024-05-17 08:30:00,Bremse,mittel,erledigt
867,148,2025-01-26 13:20:00,Rahmen/Lenker,fahruntauglich,erledigt
868,148,2025-04-29 14:20:00,Schaltung,mittel,erledigt
869,148,2026-06-21 18:24:00,Sattel/Sitzhaltung,mittel,erledigt
870,148,2026-06-23 10:32:00,Rahmen/Lenker,mittel,erledigt
871,149,2022-08-23 12:56:00,Licht,mittel,erledigt
872,149,2022-12-04 18:46:00,Licht,fahruntauglich,erledigt
873,149,2023-06-12 11:16:00,Bremse,mittel,erledigt
874,149,2023-09-27 16:56:00,Reifen/Platten,mittel,erledigt
875,149,2024-05-11 09:01:00,Schaltung,fahruntauglich,erledigt
876,149,2024-09-22 16:14:00,Reifen/Platten,mittel,erledigt
877,149,2025-05-29 18:15:00,Bremse,leicht,erledigt
878,149,2025-09-27 16:47:00,Reifen/Platten,mittel,erledigt
879,150,2022-09-16 09:44:00,Reifen/Platten,fahruntauglich,erledigt
880,150,2023-06-10 07:29:00,Schaltung,mittel,erledigt
881,150,2024-05-20 08:15:00,Schaltung,fahruntauglich,erledigt
882,150,2025-05-31 10:38:00,Sattel/Sitzhaltung,mittel,erledigt
883,150,2025-09-05 08:36:00,Schaltung,leicht,erledigt
884,150,2026-06-03 18:23:00,Bremse,mittel,erledigt
885,151,2022-10-07 19:50:00,Bremse,fahruntauglich,erledigt
886,151,2023-10-03 15:39:00,Sattel/Sitzhaltung,fahruntauglich,erledigt
887,151,2024-06-27 11:02:00,Licht,leicht,erledigt
888,151,2025-04-26 14:33:00,Reifen/Platten,fahruntauglich,erledigt
889,152,2023-01-01 07:34:00,Rahmen/Lenker,leicht,erledigt
890,152,2023-07-31 11:22:00,Schaltung,mittel,erledigt
891,152,2024-04-23 11:02:00,Sattel/Sitzhaltung,fahruntauglich,erledigt
892,152,2024-07-25 19:04:00,Reifen/Platten,mittel,erledigt
893,152,2025-04-26 17:34:00,Sattel/Sitzhaltung,fahruntauglich,erledigt
894,152,2026-05-10 17:15:00,Schaltung,fahruntauglich,erledigt
895,153,2022-07-03 13:57:00,Bremse,fahruntauglich,erledigt
896,153,2023-06-30 09:33:00,Reifen/Platten,fahruntauglich,erledigt
897,153,2024-07-16 13:04:00,Rahmen/Lenker,fahruntauglich,erledigt
898,153,2025-09-28 10:07:00,Sattel/Sitzhaltung,mittel,erledigt
899,154,2022-06-23 12:40:00,Rahmen/Lenker,leicht,erledigt
900,154,2023-05-01 07:26:00,Bremse,fahruntauglich,erledigt
901,154,2024-04-28 12:40:00,Bremse,fahruntauglich,erledigt
902,154,2025-04-16 19:16:00,Bremse,mittel,erledigt
903,154,2026-04-04 13:22:00,Schaltung,mittel,erledigt
904,154,2026-05-29 16:43:00,Bremse,mittel,erledigt
905,155,2023-05-13 10:53:00,Rahmen/Lenker,mittel,erledigt
906,155,2023-07-09 14:24:00,Schaltung,mittel,erledigt
907,155,2024-12-09 10:24:00,Licht,fahruntauglich,erledigt
908,155,2025-05-30 15:23:00,Rahmen/Lenker,leicht,erledigt
909,155,2025-12-05 10:55:00,Schaltung,mittel,erledigt
910,156,2023-03-04 18:40:00,Schaltung,leicht,erledigt
911,156,2023-06-28 07:00:00,Sattel/Sitzhaltung,leicht,erledigt
912,156,2023-07-12 13:00:00,Licht,mittel,erledigt
913,156,2024-04-06 10:04:00,Schaltung,leicht,erledigt
914,156,2025-10-02 17:30:00,Licht,fahruntauglich,erledigt
915,157,2022-07-20 11:10:00,Licht,leicht,erledigt
916,157,2023-06-08 08:05:00,Bremse,mittel,erledigt
917,157,2023-11-29 14:17:00,Schaltung,leicht,erledigt
918,157,2024-06-29 10:06:00,Schaltung,leicht,erledigt
919,157,2025-06-27 13:57:00,Licht,mittel,erledigt
920,157,2025-10-14 11:33:00,Schaltung,mittel,erledigt
921,157,2026-06-30 12:39:00,Rahmen/Lenker,fahruntauglich,erledigt
922,158,2022-08-09 09:33:00,Rahmen/Lenker,mittel,erledigt
923,158,2023-06-03 17:19:00,Licht,fahruntauglich,erledigt
924,158,2024-04-30 11:49:00,Sattel/Sitzhaltung,leicht,erledigt
925,158,2024-07-02 14:29:00,Bremse,leicht,erledigt
926,158,2025-06-28 18:42:00,Licht,fahruntauglich,erledigt
927,158,2026-05-21 18:22:00,Reifen/Platten,leicht,erledigt
928,159,2022-11-23 07:05:00,Rahmen/Lenker,fahruntauglich,erledigt
929,159,2023-06-29 10:03:00,Rahmen/Lenker,fahruntauglich,erledigt
930,159,2023-12-19 07:03:00,Schaltung,mittel,erledigt
931,159,2024-07-23 15:44:00,Bremse,fahruntauglich,erledigt
932,159,2025-08-16 13:55:00,Reifen/Platten,leicht,erledigt
933,160,2022-10-19 08:31:00,Licht,fahruntauglich,erledigt
934,160,2023-09-26 12:44:00,Bremse,fahruntauglich,erledigt
935,160,2025-01-16 10:08:00,Reifen/Platten,mittel,erledigt
936,161,2023-02-22 10:18:00,Licht,mittel,erledigt
937,161,2023-05-06 14:12:00,Rahmen/Lenker,fahruntauglich,erledigt
938,161,2024-07-18 18:47:00,Schaltung,fahruntauglich,erledigt
939,161,2025-03-10 12:40:00,Licht,fahruntauglich,erledigt
940,161,2025-07-09 10:04:00,Sattel/Sitzhaltung,leicht,erledigt
941,162,2023-01-26 10:54:00,Bremse,fahruntauglich,erledigt
942,162,2024-05-25 12:51:00,Schaltung,mittel,erledigt
943,162,2025-02-14 18:11:00,Rahmen/Lenker,fahruntauglich,erledigt
944,163,2022-11-25 19:49:00,Bremse,fahruntauglich,erledigt
945,163,2023-09-09 07:08:00,Rahmen/Lenker,fahruntauglich,erledigt
946,163,2024-05-29 19:19:00,Sattel/Sitzhaltung,leicht,erledigt
947,163,2025-02-16 11:53:00,Bremse,fahruntauglich,erledigt
948,163,2025-08-28 16:52:00,Reifen/Platten,fahruntauglich,erledigt
949,164,2021-10-04 12:16:00,Schaltung,mittel,erledigt
950,164,2022-09-15 17:29:00,Bremse,mittel,erledigt
951,164,2023-09-29 10:02:00,Sattel/Sitzhaltung,fahruntauglich,erledigt
952,164,2024-12-20 15:45:00,Licht,fahruntauglich,erledigt
953,164,2025-08-14 10:50:00,Bremse,fahruntauglich,erledigt
954,164,2025-11-13 13:23:00,Schaltung,leicht,erledigt
955,165,2022-09-30 15:27:00,Bremse,fahruntauglich,erledigt
956,165,2023-07-17 08:45:00,Rahmen/Lenker,fahruntauglich,erledigt
957,165,2023-11-23 10:07:00,Bremse,mittel,erledigt
958,165,2024-05-11 19:31:00,Sattel/Sitzhaltung,mittel,erledigt
959,165,2025-08-19 17:25:00,Licht,fahruntauglich,erledigt
960,166,2022-08-23 15:58:00,Sattel/Sitzhaltung,fahruntauglich,erledigt
961,166,2022-10-13 18:05:00,Schaltung,fahruntauglich,erledigt
962,166,2023-05-24 14:26:00,Rahmen/Lenker,mittel,erledigt
963,166,2023-05-26 18:50:00,Bremse,mittel,erledigt
964,166,2023-07-04 15:36:00,Rahmen/Lenker,fahruntauglich,erledigt
965,166,2024-07-18 13:04:00,Rahmen/Lenker,fahruntauglich,erledigt
966,166,2025-03-02 08:45:00,Licht,fahruntauglich,erledigt
967,166,2026-03-09 10:07:00,Licht,mittel,erledigt
968,167,2022-03-20 15:38:00,Licht,mittel,erledigt
969,167,2023-05-31 10:35:00,Licht,fahruntauglich,erledigt
970,167,2024-05-09 18:15:00,Rahmen/Lenker,mittel,erledigt
971,167,2025-05-31 14:34:00,Rahmen/Lenker,mittel,erledigt
972,168,2022-08-09 12:06:00,Bremse,fahruntauglich,erledigt
973,168,2023-06-01 11:18:00,Bremse,mittel,erledigt
974,168,2024-01-20 09:40:00,Sattel/Sitzhaltung,mittel,erledigt
975,168,2024-08-27 19:21:00,Reifen/Platten,fahruntauglich,erledigt
976,168,2025-07-01 16:05:00,Rahmen/Lenker,leicht,erledigt
977,169,2022-07-12 19:49:00,Reifen/Platten,fahruntauglich,erledigt
978,169,2022-10-12 09:23:00,Rahmen/Lenker,mittel,erledigt
979,169,2023-07-17 17:37:00,Sattel/Sitzhaltung,fahruntauglich,erledigt
980,169,2024-04-08 10:27:00,Bremse,fahruntauglich,erledigt
981,169,2025-07-17 16:01:00,Bremse,fahruntauglich,erledigt
982,170,2022-09-06 15:46:00,Licht,leicht,erledigt
983,170,2023-08-23 14:46:00,Licht,fahruntauglich,erledigt
984,170,2024-05-15 15:07:00,Bremse,mittel,erledigt
985,170,2024-11-13 07:42:00,Reifen/Platten,fahruntauglich,erledigt
986,170,2025-11-10 15:40:00,Bremse,fahruntauglich,erledigt
987,170,2026-05-10 09:26:00,Schaltung,leicht,erledigt
988,171,2023-05-29 16:56:00,Reifen/Platten,leicht,erledigt
989,171,2023-09-01 18:09:00,Licht,mittel,erledigt
990,171,2024-08-26 07:21:00,Sattel/Sitzhaltung,leicht,erledigt
991,171,2025-06-09 14:25:00,Licht,leicht,erledigt
992,171,2026-07-17 15:11:00,Reifen/Platten,leicht,erledigt
993,172,2022-09-21 13:37:00,Schaltung,mittel,erledigt
994,172,2022-09-23 18:03:00,Bremse,fahruntauglich,erledigt
995,172,2023-08-19 17:59:00,Rahmen/Lenker,fahruntauglich,erledigt
996,172,2024-08-11 16:10:00,Reifen/Platten,fahruntauglich,erledigt
997,172,2025-11-03 16:29:00,Schaltung,fahruntauglich,erledigt
998,173,2023-06-28 10:05:00,Bremse,mittel,erledigt
999,173,2023-10-08 10:07:00,Sattel/Sitzhaltung,fahruntauglich,erledigt
1000,173,2024-07-18 11:36:00,Schaltung,fahruntauglich,erledigt
1001,173,2025-10-31 16:12:00,Rahmen/Lenker,fahruntauglich,erledigt
1002,174,2022-06-03 08:47:00,Schaltung,fahruntauglich,erledigt
1003,174,2022-10-29 19:05:00,Rahmen/Lenker,fahruntauglich,erledigt
1004,174,2023-07-17 17:52:00,Rahmen/Lenker,leicht,erledigt
1005,174,2024-02-10 14:04:00,Schaltung,mittel,erledigt
1006,174,2025-05-31 11:32:00,Sattel/Sitzhaltung,fahruntauglich,erledigt
1007,175,2021-09-12 15:36:00,Schaltung,fahruntauglich,erledigt
1008,175,2022-12-06 16:44:00,Schaltung,mittel,erledigt
1009,175,2023-06-21 18:30:00,Rahmen/Lenker,leicht,erledigt
1010,175,2024-09-06 16:20:00,Rahmen/Lenker,fahruntauglich,erledigt
1011,175,2024-09-06 19:29:00,Sattel/Sitzhaltung,mittel,erledigt
1012,175,2025-11-10 10:31:00,Sattel/Sitzhaltung,fahruntauglich,erledigt
1013,176,2022-09-05 07:47:00,Schaltung,fahruntauglich,erledigt
1014,176,2023-01-27 09:26:00,Licht,leicht,erledigt
1015,176,2023-09-21 12:52:00,Licht,fahruntauglich,erledigt
1016,176,2024-05-25 15:13:00,Rahmen/Lenker,mittel,erledigt
1017,176,2024-11-07 08:22:00,Schaltung,leicht,erledigt
1018,176,2025-05-25 19:25:00,Schaltung,leicht,erledigt
1019,177,2022-07-19 17:36:00,Bremse,fahruntauglich,erledigt
1020,177,2023-10-05 13:13:00,Licht,mittel,erledigt
1021,177,2024-03-28 17:30:00,Reifen/Platten,mittel,erledigt
1022,177,2024-09-19 15:14:00,Sattel/Sitzhaltung,fahruntauglich,erledigt
1023,178,2022-07-12 17:02:00,Sattel/Sitzhaltung,fahruntauglich,erledigt
1024,178,2023-06-22 17:07:00,Schaltung,mittel,erledigt
1025,178,2024-07-14 17:24:00,Rahmen/Lenker,fahruntauglich,erledigt
1026,178,2025-04-18 11:46:00,Licht,leicht,erledigt
1027,178,2026-05-14 08:18:00,Reifen/Platten,fahruntauglich,erledigt
1028,179,2022-06-16 09:28:00,Bremse,fahruntauglich,erledigt
1029,179,2022-06-17 19:31:00,Rahmen/Lenker,leicht,erledigt
1030,179,2023-06-16 09:37:00,Sattel/Sitzhaltung,mittel,erledigt
1031,179,2023-08-28 11:58:00,Schaltung,mittel,erledigt
1032,179,2025-01-24 16:52:00,Rahmen/Lenker,fahruntauglich,erledigt
1033,179,2025-08-27 12:32:00,Reifen/Platten,leicht,erledigt
1034,179,2026-05-05 19:42:00,Rahmen/Lenker,mittel,erledigt
1035,180,2022-06-20 11:58:00,Sattel/Sitzhaltung,mittel,erledigt
1036,180,2023-08-12 17:28:00,Licht,fahruntauglich,erledigt
1037,180,2024-06-09 09:04:00,Rahmen/Lenker,fahruntauglich,erledigt
1038,180,2024-06-09 09:04:00,Bremse,fahruntauglich,erledigt
1039,180,2025-07-10 15:41:00,Reifen/Platten,fahruntauglich,erledigt
1040,180,2025-07-19 13:44:00,Bremse,leicht,erledigt
1041,181,2023-06-30 15:25:00,Reifen/Platten,fahruntauglich,erledigt
1042,181,2024-07-18 17:50:00,Schaltung,mittel,erledigt
1043,181,2024-11-06 08:07:00,Rahmen/Lenker,fahruntauglich,erledigt
1044,181,2025-07-01 14:09:00,Schaltung,fahruntauglich,erledigt
1045,181,2025-09-09 18:53:00,Rahmen/Lenker,leicht,erledigt
1046,182,2022-07-06 08:18:00,Bremse,mittel,erledigt
1047,182,2023-04-19 13:12:00,Licht,leicht,erledigt
1048,182,2023-06-12 14:25:00,Motor/Unterstuetzung,leicht,erledigt
1049,182,2023-07-28 12:35:00,Reifen/Platten,fahruntauglich,erledigt
1050,182,2023-09-28 14:35:00,Akku,mittel,erledigt
1051,182,2024-06-18 15:24:00,Schaltung,leicht,erledigt
1052,182,2024-12-03 09:44:00,Rahmen/Lenker,mittel,erledigt
1053,182,2025-08-15 10:35:00,Reifen/Platten,fahruntauglich,erledigt
1054,182,2026-05-21 17:22:00,Rahmen/Lenker,mittel,erledigt
1055,183,2022-08-11 11:41:00,Motor/Unterstuetzung,fahruntauglich,erledigt
1056,183,2023-07-05 13:06:00,Reifen/Platten,fahruntauglich,erledigt
1057,183,2023-07-07 12:02:00,Schaltung,fahruntauglich,erledigt
1058,183,2023-10-04 16:19:00,Schaltung,fahruntauglich,erledigt
1059,183,2024-10-16 10:20:00,Licht,mittel,erledigt
1060,183,2025-12-11 12:38:00,Reifen/Platten,fahruntauglich,erledigt
1061,184,2022-09-17 07:51:00,Bremse,mittel,erledigt
1062,184,2023-09-06 14:41:00,Licht,fahruntauglich,erledigt
1063,184,2024-08-07 17:12:00,Licht,leicht,erledigt
1064,184,2025-07-23 10:53:00,Rahmen/Lenker,mittel,erledigt
1065,185,2022-03-17 14:10:00,Bremse,leicht,erledigt
1066,185,2022-06-10 17:52:00,Licht,mittel,erledigt
1067,185,2023-02-27 08:23:00,Schaltung,fahruntauglich,erledigt
1068,185,2023-07-15 18:40:00,Motor/Unterstuetzung,mittel,erledigt
1069,185,2023-09-17 15:55:00,Licht,mittel,erledigt
1070,185,2024-05-23 14:05:00,Sattel/Sitzhaltung,leicht,erledigt
1071,185,2024-09-25 08:09:00,Licht,mittel,erledigt
1072,185,2025-05-09 14:22:00,Reifen/Platten,fahruntauglich,erledigt
1073,185,2025-08-02 15:03:00,Rahmen/Lenker,fahruntauglich,erledigt
1074,186,2022-06-28 17:25:00,Akku,mittel,erledigt
1075,186,2022-10-30 18:13:00,Schaltung,mittel,erledigt
1076,186,2023-05-17 11:38:00,Sattel/Sitzhaltung,mittel,erledigt
1077,186,2023-06-11 17:31:00,Rahmen/Lenker,leicht,erledigt
1078,186,2024-05-29 13:38:00,Rahmen/Lenker,fahruntauglich,erledigt
1079,186,2025-04-16 07:31:00,Schaltung,mittel,erledigt
1080,186,2025-08-13 11:11:00,Reifen/Platten,fahruntauglich,erledigt
1081,186,2026-08-08 18:08:00,Reifen/Platten,fahruntauglich,erledigt
1082,187,2022-07-17 19:19:00,Licht,fahruntauglich,erledigt
1083,187,2023-08-23 10:19:00,Bremse,mittel,erledigt
1084,187,2024-08-13 13:00:00,Akku,leicht,erledigt
1085,187,2025-04-28 15:23:00,Schaltung,mittel,erledigt
1086,187,2025-12-11 19:04:00,Motor/Unterstuetzung,mittel,erledigt
1087,188,2022-07-17 07:13:00,Sattel/Sitzhaltung,fahruntauglich,erledigt
1088,188,2023-01-13 18:05:00,Schaltung,leicht,erledigt
1089,188,2023-09-16 17:12:00,Rahmen/Lenker,fahruntauglich,erledigt
1090,188,2023-10-12 18:26:00,Licht,mittel,erledigt
1091,188,2024-07-17 08:31:00,Motor/Unterstuetzung,fahruntauglich,erledigt
1092,188,2025-03-16 10:29:00,Sattel/Sitzhaltung,fahruntauglich,erledigt
1093,188,2025-09-02 12:11:00,Rahmen/Lenker,fahruntauglich,erledigt
1094,189,2022-08-26 19:30:00,Akku,fahruntauglich,erledigt
1095,189,2023-07-18 17:10:00,Bremse,fahruntauglich,erledigt
1096,189,2024-02-01 13:45:00,Motor/Unterstuetzung,mittel,erledigt
1097,189,2024-08-09 09:17:00,Schaltung,fahruntauglich,erledigt
1098,189,2025-05-19 19:23:00,Sattel/Sitzhaltung,fahruntauglich,erledigt
1099,189,2025-11-10 18:26:00,Licht,fahruntauglich,erledigt
1100,190,2022-12-27 15:20:00,Akku,fahruntauglich,erledigt
1101,190,2023-08-25 09:54:00,Schaltung,mittel,erledigt
1102,190,2023-08-27 17:36:00,Motor/Unterstuetzung,leicht,erledigt
1103,190,2023-10-04 18:30:00,Motor/Unterstuetzung,leicht,erledigt
1104,190,2024-06-28 15:59:00,Motor/Unterstuetzung,leicht,erledigt
1105,190,2025-08-03 18:57:00,Bremse,leicht,erledigt
1106,190,2025-11-28 12:17:00,Sattel/Sitzhaltung,fahruntauglich,erledigt
1107,190,2026-05-03 07:03:00,Sattel/Sitzhaltung,leicht,erledigt
1108,191,2023-06-10 10:18:00,Motor/Unterstuetzung,mittel,erledigt
1109,191,2023-08-21 10:20:00,Akku,fahruntauglich,erledigt
1110,191,2024-09-17 08:35:00,Reifen/Platten,mittel,erledigt
1111,191,2025-05-14 19:34:00,Motor/Unterstuetzung,mittel,erledigt
1112,191,2025-05-17 11:10:00,Akku,mittel,erledigt
1113,191,2026-02-21 10:05:00,Bremse,leicht,erledigt
1114,191,2026-05-03 16:55:00,Rahmen/Lenker,leicht,erledigt
1115,192,2022-05-10 13:33:00,Sattel/Sitzhaltung,mittel,erledigt
1116,192,2022-08-06 08:29:00,Sattel/Sitzhaltung,leicht,erledigt
1117,192,2022-10-23 10:10:00,Bremse,mittel,erledigt
1118,192,2023-07-15 13:30:00,Schaltung,mittel,erledigt
1119,192,2024-05-13 13:53:00,Motor/Unterstuetzung,leicht,erledigt
1120,192,2024-08-28 15:02:00,Bremse,mittel,erledigt
1121,192,2025-07-29 15:14:00,Sattel/Sitzhaltung,leicht,erledigt
1122,192,2026-03-23 16:21:00,Rahmen/Lenker,leicht,erledigt
1123,192,2026-05-03 16:41:00,Reifen/Platten,fahruntauglich,erledigt
1124,192,2026-07-22 10:10:00,Bremse,mittel,erledigt
1125,193,2023-11-23 12:04:00,Motor/Unterstuetzung,leicht,erledigt
1126,193,2024-08-04 13:50:00,Reifen/Platten,fahruntauglich,erledigt
1127,193,2025-10-10 16:28:00,Schaltung,fahruntauglich,erledigt
1128,193,2026-07-30 10:13:00,Rahmen/Lenker,fahruntauglich,erledigt
1129,194,2023-10-09 08:39:00,Reifen/Platten,fahruntauglich,erledigt
1130,194,2024-08-13 11:52:00,Motor/Unterstuetzung,mittel,erledigt
1131,194,2024-08-14 13:24:00,Bremse,fahruntauglich,erledigt
1132,194,2025-05-15 08:42:00,Motor/Unterstuetzung,fahruntauglich,erledigt
1133,194,2025-12-21 15:37:00,Licht,fahruntauglich,erledigt
1134,194,2026-04-09 07:49:00,Motor/Unterstuetzung,leicht,erledigt
1135,195,2024-04-13 15:31:00,Akku,leicht,erledigt
1136,195,2024-08-03 10:18:00,Motor/Unterstuetzung,mittel,erledigt
1137,195,2025-05-09 14:48:00,Licht,mittel,erledigt
1138,195,2026-02-10 11:23:00,Motor/Unterstuetzung,mittel,erledigt
1139,195,2026-07-05 18:11:00,Schaltung,mittel,erledigt
1140,196,2024-09-14 12:18:00,Licht,fahruntauglich,erledigt
1141,196,2025-04-22 18:38:00,Bremse,fahruntauglich,erledigt
1142,196,2025-08-01 13:03:00,Bremse,mittel,erledigt
1143,196,2026-02-22 15:21:00,Reifen/Platten,fahruntauglich,erledigt
1144,197,2024-10-27 14:45:00,Rahmen/Lenker,fahruntauglich,erledigt
1145,197,2025-06-26 13:47:00,Rahmen/Lenker,mittel,erledigt
1146,197,2025-07-07 10:03:00,Reifen/Platten,leicht,erledigt
1147,197,2026-05-04 15:55:00,Bremse,leicht,erledigt
1148,197,2026-07-17 08:14:00,Licht,leicht,erledigt
1149,198,2024-06-29 17:02:00,Motor/Unterstuetzung,mittel,erledigt
1150,198,2025-04-13 19:50:00,Motor/Unterstuetzung,fahruntauglich,erledigt
1151,198,2025-08-26 09:26:00,Licht,fahruntauglich,erledigt
1152,199,2024-07-04 13:09:00,Sattel/Sitzhaltung,leicht,erledigt
1153,199,2025-07-08 08:12:00,Licht,mittel,erledigt
1154,199,2025-12-16 09:30:00,Sattel/Sitzhaltung,fahruntauglich,erledigt
1155,200,2024-12-21 10:06:00,Rahmen/Lenker,fahruntauglich,erledigt
1156,200,2025-04-11 18:30:00,Akku,leicht,erledigt
1157,200,2026-05-28 10:05:00,Licht,fahruntauglich,erledigt
1158,201,2024-06-08 11:42:00,Akku,fahruntauglich,erledigt
1159,201,2024-10-19 10:53:00,Sattel/Sitzhaltung,mittel,erledigt
1160,201,2025-09-13 14:49:00,Akku,mittel,erledigt
1161,201,2025-09-14 10:11:00,Motor/Unterstuetzung,mittel,erledigt
1162,201,2026-06-27 12:24:00,Reifen/Platten,mittel,erledigt
1163,202,2023-12-08 15:09:00,Motor/Unterstuetzung,leicht,erledigt
1164,202,2024-07-09 11:19:00,Sattel/Sitzhaltung,fahruntauglich,erledigt
1165,202,2024-12-04 09:56:00,Motor/Unterstuetzung,leicht,erledigt
1166,202,2025-12-21 10:29:00,Reifen/Platten,fahruntauglich,erledigt
1167,203,2024-08-13 15:38:00,Motor/Unterstuetzung,mittel,erledigt
1168,203,2025-07-15 14:49:00,Sattel/Sitzhaltung,fahruntauglich,erledigt
1169,203,2026-07-02 18:16:00,Sattel/Sitzhaltung,leicht,erledigt
1170,204,2024-09-10 15:05:00,Sattel/Sitzhaltung,leicht,erledigt
1171,204,2025-08-18 07:16:00,Licht,fahruntauglich,erledigt
1172,204,2026-04-27 13:09:00,Licht,fahruntauglich,erledigt
1173,204,2026-07-30 13:04:00,Motor/Unterstuetzung,mittel,erledigt
1174,205,2024-06-27 14:29:00,Schaltung,leicht,erledigt
1175,205,2025-06-09 14:01:00,Sattel/Sitzhaltung,fahruntauglich,erledigt
1176,205,2026-04-04 10:22:00,Bremse,fahruntauglich,erledigt
1177,205,2026-07-02 14:39:00,Bremse,leicht,erledigt
1178,206,2024-07-30 07:56:00,Licht,mittel,erledigt
1179,206,2026-03-04 12:07:00,Motor/Unterstuetzung,mittel,erledigt
1180,206,2026-03-05 10:09:00,Sattel/Sitzhaltung,fahruntauglich,erledigt
1181,207,2024-06-17 12:40:00,Akku,fahruntauglich,erledigt
1182,207,2025-08-18 12:27:00,Reifen/Platten,fahruntauglich,erledigt
1183,207,2026-05-10 07:09:00,Rahmen/Lenker,fahruntauglich,erledigt
1184,207,2026-07-05 10:36:00,Reifen/Platten,mittel,erledigt
1185,208,2024-09-15 11:14:00,Rahmen/Lenker,fahruntauglich,erledigt
1186,208,2025-11-28 12:21:00,Licht,mittel,erledigt
1187,208,2026-05-29 10:44:00,Rahmen/Lenker,leicht,erledigt
1188,209,2023-12-15 13:55:00,Motor/Unterstuetzung,mittel,erledigt
1189,209,2024-09-20 18:48:00,Bremse,mittel,erledigt
1190,209,2025-05-19 09:29:00,Licht,leicht,erledigt
1191,209,2025-10-15 11:16:00,Akku,fahruntauglich,erledigt
1192,210,2025-08-09 12:42:00,Sattel/Sitzhaltung,fahruntauglich,erledigt
1193,210,2026-06-27 18:26:00,Motor/Unterstuetzung,leicht,erledigt
1194,211,2024-06-08 14:42:00,Sattel/Sitzhaltung,fahruntauglich,erledigt
1195,211,2025-05-18 13:19:00,Rahmen/Lenker,mittel,erledigt
1196,211,2026-05-08 09:54:00,Bremse,mittel,erledigt
1197,211,2026-05-10 19:18:00,Bremse,fahruntauglich,erledigt
1198,212,2024-01-27 15:12:00,Rahmen/Lenker,leicht,erledigt
1199,212,2024-08-21 09:13:00,Rahmen/Lenker,fahruntauglich,erledigt
1200,212,2025-04-14 08:39:00,Rahmen/Lenker,mittel,erledigt
1201,212,2025-07-25 17:28:00,Sattel/Sitzhaltung,mittel,erledigt
1202,212,2026-01-16 13:08:00,Rahmen/Lenker,mittel,erledigt
1203,213,2024-07-25 16:39:00,Reifen/Platten,leicht,erledigt
1204,213,2024-08-22 12:41:00,Licht,mittel,erledigt
1205,213,2025-05-14 18:04:00,Akku,leicht,erledigt
1206,213,2026-06-22 07:37:00,Rahmen/Lenker,fahruntauglich,erledigt
1207,213,2026-08-09 12:12:00,Rahmen/Lenker,fahruntauglich,erledigt
1208,214,2024-10-22 12:55:00,Reifen/Platten,fahruntauglich,erledigt
1209,214,2025-06-18 10:17:00,Akku,fahruntauglich,erledigt
1210,214,2025-08-16 12:51:00,Reifen/Platten,leicht,erledigt
1211,214,2026-02-28 11:26:00,Motor/Unterstuetzung,mittel,erledigt
1212,214,2026-06-28 09:20:00,Sattel/Sitzhaltung,mittel,erledigt
1213,215,2024-07-04 18:10:00,Motor/Unterstuetzung,mittel,erledigt
1214,215,2024-09-14 07:20:00,Reifen/Platten,mittel,erledigt
1215,215,2026-01-17 12:22:00,Schaltung,fahruntauglich,erledigt
1216,215,2026-05-30 08:04:00,Reifen/Platten,fahruntauglich,erledigt
1217,215,2026-05-30 07:59:00,Schaltung,mittel,erledigt
1218,216,2024-06-28 18:51:00,Schaltung,fahruntauglich,erledigt
1219,216,2025-08-07 10:53:00,Reifen/Platten,mittel,erledigt
1220,216,2026-08-21 13:18:00,Reifen/Platten,fahruntauglich,offen
1221,217,2024-07-14 08:56:00,Akku,fahruntauglich,erledigt
1222,217,2025-09-02 19:06:00,Reifen/Platten,fahruntauglich,erledigt
1223,217,2026-06-05 14:36:00,Akku,leicht,erledigt
1224,218,2024-08-14 19:04:00,Licht,mittel,erledigt
1225,218,2025-08-08 18:41:00,Sattel/Sitzhaltung,mittel,erledigt
1226,218,2025-12-04 19:20:00,Motor/Unterstuetzung,mittel,erledigt
1227,218,2026-08-02 13:21:00,Bremse,fahruntauglich,erledigt
1228,219,2024-08-31 12:26:00,Motor/Unterstuetzung,fahruntauglich,erledigt
1229,219,2026-06-20 14:38:00,Sattel/Sitzhaltung,mittel,erledigt
1230,220,2023-10-21 18:08:00,Reifen/Platten,mittel,erledigt
1231,220,2024-07-18 08:46:00,Reifen/Platten,fahruntauglich,erledigt
1232,220,2025-05-14 17:09:00,Rahmen/Lenker,fahruntauglich,erledigt
1233,220,2025-06-30 11:41:00,Licht,mittel,erledigt
1234,220,2026-05-17 08:48:00,Licht,mittel,erledigt
1235,220,2026-07-07 07:44:00,Akku,mittel,erledigt
1236,221,2024-06-08 14:09:00,Rahmen/Lenker,fahruntauglich,erledigt
1237,221,2025-06-06 18:20:00,Sattel/Sitzhaltung,fahruntauglich,erledigt
1238,221,2025-07-08 19:52:00,Rahmen/Lenker,leicht,erledigt
1239,221,2026-06-30 14:33:00,Reifen/Platten,fahruntauglich,erledigt
1240,222,2024-06-10 18:00:00,Motor/Unterstuetzung,fahruntauglich,erledigt
1241,222,2025-04-30 08:49:00,Rahmen/Lenker,fahruntauglich,erledigt
1242,222,2026-01-16 09:02:00,Akku,fahruntauglich,erledigt
1243,223,2024-07-18 10:23:00,Schaltung,fahruntauglich,erledigt
1244,223,2025-03-28 14:17:00,Rahmen/Lenker,leicht,erledigt
1245,223,2025-06-16 14:52:00,Sattel/Sitzhaltung,leicht,erledigt
1246,223,2026-05-03 19:30:00,Motor/Unterstuetzung,fahruntauglich,erledigt
1247,224,2024-05-27 14:13:00,Motor/Unterstuetzung,fahruntauglich,erledigt
1248,224,2024-10-31 14:23:00,Reifen/Platten,fahruntauglich,erledigt
1249,224,2026-07-04 11:36:00,Bremse,leicht,erledigt
1250,225,2024-06-24 07:18:00,Motor/Unterstuetzung,mittel,erledigt
1251,225,2025-06-29 16:51:00,Licht,leicht,erledigt
1252,225,2026-06-15 16:46:00,Sattel/Sitzhaltung,mittel,erledigt
1253,226,2025-10-01 16:04:00,Schaltung,fahruntauglich,erledigt
1254,226,2025-12-12 09:37:00,Akku,mittel,erledigt
1255,227,2025-02-08 16:09:00,Akku,fahruntauglich,erledigt
1256,227,2025-08-17 13:01:00,Sattel/Sitzhaltung,mittel,erledigt
1257,227,2026-07-06 14:48:00,Licht,fahruntauglich,erledigt
1258,228,2024-12-14 13:16:00,Licht,leicht,erledigt
1259,228,2025-11-15 09:06:00,Akku,leicht,erledigt
1260,228,2026-06-12 08:06:00,Reifen/Platten,mittel,erledigt
1261,229,2024-11-11 07:50:00,Rahmen/Lenker,mittel,erledigt
1262,229,2025-07-10 11:05:00,Bremse,mittel,erledigt
1263,229,2026-07-18 08:40:00,Rahmen/Lenker,leicht,erledigt
1264,230,2024-09-07 08:52:00,Sattel/Sitzhaltung,mittel,erledigt
1265,230,2025-08-03 07:01:00,Schaltung,mittel,erledigt
1266,230,2026-01-11 10:31:00,Rahmen/Lenker,mittel,erledigt
1267,231,2024-11-09 07:24:00,Motor/Unterstuetzung,leicht,erledigt
1268,231,2025-08-14 17:09:00,Reifen/Platten,fahruntauglich,erledigt
1269,231,2025-08-25 13:42:00,Akku,mittel,erledigt
1270,231,2026-07-18 12:01:00,Sattel/Sitzhaltung,fahruntauglich,erledigt
1271,232,2024-07-08 11:20:00,Schaltung,leicht,erledigt
1272,232,2025-03-25 18:45:00,Schaltung,leicht,erledigt
1273,232,2025-07-12 13:54:00,Motor/Unterstuetzung,mittel,erledigt
1274,232,2026-04-16 10:21:00,Schaltung,mittel,erledigt
1275,233,2024-08-22 10:32:00,Sattel/Sitzhaltung,leicht,erledigt
1276,233,2025-05-10 08:27:00,Schaltung,mittel,erledigt
1277,233,2026-06-20 15:52:00,Motor/Unterstuetzung,fahruntauglich,erledigt
1278,233,2026-06-22 09:02:00,Motor/Unterstuetzung,mittel,erledigt
1279,234,2024-08-12 13:46:00,Rahmen/Lenker,fahruntauglich,erledigt
1280,234,2025-12-12 07:10:00,Bremse,fahruntauglich,erledigt
1281,234,2026-07-10 18:03:00,Sattel/Sitzhaltung,mittel,erledigt
1282,235,2024-08-21 07:37:00,Sattel/Sitzhaltung,fahruntauglich,erledigt
1283,235,2025-06-24 07:25:00,Akku,mittel,erledigt
1284,235,2026-04-03 09:11:00,Akku,leicht,erledigt
1285,235,2026-07-28 15:36:00,Schaltung,leicht,erledigt
1286,236,2024-08-04 09:21:00,Bremse,fahruntauglich,erledigt
1287,236,2025-08-06 16:44:00,Schaltung,leicht,erledigt
1288,236,2025-10-18 11:12:00,Rahmen/Lenker,leicht,erledigt
1289,237,2024-07-12 09:44:00,Akku,leicht,erledigt
1290,237,2025-05-12 07:39:00,Licht,leicht,erledigt
1291,237,2026-04-27 16:11:00,Akku,mittel,erledigt
1292,238,2024-05-13 12:41:00,Sattel/Sitzhaltung,leicht,erledigt
1293,238,2024-11-02 16:26:00,Motor/Unterstuetzung,leicht,erledigt
1294,238,2025-05-14 08:28:00,Akku,fahruntauglich,erledigt
1295,238,2025-07-19 16:54:00,Motor/Unterstuetzung,leicht,erledigt
1296,238,2026-03-07 09:51:00,Motor/Unterstuetzung,leicht,erledigt
1297,239,2024-10-16 17:44:00,Motor/Unterstuetzung,leicht,erledigt
1298,239,2025-02-13 18:34:00,Schaltung,fahruntauglich,erledigt
1299,239,2025-06-22 19:38:00,Akku,mittel,erledigt
1300,239,2026-06-20 11:01:00,Rahmen/Lenker,leicht,erledigt
1301,240,2024-08-11 09:57:00,Akku,fahruntauglich,erledigt
1302,240,2025-07-08 13:47:00,Reifen/Platten,fahruntauglich,erledigt
1303,240,2025-07-09 19:03:00,Licht,fahruntauglich,erledigt
1304,240,2026-05-20 13:06:00,Rahmen/Lenker,fahruntauglich,erledigt
1305,241,2024-07-08 08:31:00,Schaltung,fahruntauglich,erledigt
1306,241,2024-07-24 12:07:00,Akku,leicht,erledigt
1307,241,2025-08-10 17:28:00,Schaltung,fahruntauglich,erledigt
1308,241,2026-07-06 19:46:00,Bremse,mittel,erledigt
1309,242,2024-06-28 19:13:00,Rahmen/Lenker,fahruntauglich,erledigt
1310,242,2025-02-10 07:31:00,Motor/Unterstuetzung,mittel,erledigt
1311,242,2026-03-22 10:29:00,Rahmen/Lenker,fahruntauglich,erledigt
1312,242,2026-06-16 16:39:00,Akku,mittel,erledigt
1313,243,2024-06-22 08:31:00,Schaltung,leicht,erledigt
1314,243,2025-02-12 09:27:00,Motor/Unterstuetzung,fahruntauglich,erledigt
1315,243,2025-11-03 13:22:00,Rahmen/Lenker,mittel,erledigt
1316,243,2026-07-09 13:21:00,Motor/Unterstuetzung,mittel,erledigt
1317,244,2024-05-15 18:16:00,Rahmen/Lenker,mittel,erledigt
1318,244,2025-05-11 08:03:00,Schaltung,leicht,erledigt
1319,244,2025-06-24 09:17:00,Schaltung,fahruntauglich,erledigt
1320,244,2026-04-17 14:07:00,Reifen/Platten,leicht,erledigt
1321,245,2024-07-17 09:15:00,Reifen/Platten,fahruntauglich,erledigt
1322,245,2025-08-11 13:07:00,Sattel/Sitzhaltung,leicht,erledigt
1323,245,2025-12-09 16:33:00,Akku,mittel,erledigt
1324,246,2024-04-12 08:16:00,Licht,mittel,erledigt
1325,246,2024-07-05 08:24:00,Rahmen/Lenker,mittel,erledigt
1326,246,2025-05-12 15:38:00,Licht,leicht,erledigt
1327,246,2025-09-15 16:18:00,Motor/Unterstuetzung,fahruntauglich,erledigt
1328,246,2026-05-07 18:07:00,Motor/Unterstuetzung,mittel,erledigt
1329,247,2025-03-30 17:47:00,Sattel/Sitzhaltung,mittel,erledigt
1330,247,2026-03-21 13:36:00,Rahmen/Lenker,fahruntauglich,erledigt
1331,247,2026-07-17 13:05:00,Reifen/Platten,mittel,erledigt
1332,248,2024-05-17 16:34:00,Schaltung,fahruntauglich,erledigt
1333,248,2025-03-11 10:13:00,Rahmen/Lenker,mittel,erledigt
1334,248,2025-12-10 12:44:00,Bremse,leicht,erledigt
1335,249,2024-08-12 08:34:00,Licht,leicht,erledigt
1336,249,2025-08-10 09:59:00,Reifen/Platten,fahruntauglich,erledigt
1337,249,2026-07-09 07:05:00,Reifen/Platten,fahruntauglich,erledigt
1338,250,2025-04-02 07:00:00,Motor/Unterstuetzung,fahruntauglich,erledigt
1339,250,2025-08-09 13:07:00,Rahmen/Lenker,fahruntauglich,erledigt
1340,250,2025-08-21 18:47:00,Sattel/Sitzhaltung,mittel,erledigt
1341,251,2025-04-28 13:51:00,Reifen/Platten,fahruntauglich,erledigt
1342,251,2025-08-07 12:41:00,Akku,fahruntauglich,erledigt
1343,251,2026-05-07 12:34:00,Reifen/Platten,mittel,erledigt
1344,252,2024-08-19 13:53:00,Rahmen/Lenker,fahruntauglich,erledigt
1345,252,2025-06-16 16:06:00,Licht,fahruntauglich,erledigt
1346,252,2025-08-31 12:41:00,Akku,leicht,erledigt
1347,253,2024-12-16 11:27:00,Akku,mittel,erledigt
1348,253,2025-06-02 14:37:00,Sattel/Sitzhaltung,leicht,erledigt
1349,253,2025-09-07 09:19:00,Bremse,leicht,erledigt
1350,253,2026-08-13 11:14:00,Akku,fahruntauglich,erledigt
1351,254,2024-05-02 11:11:00,Rahmen/Lenker,mittel,erledigt
1352,254,2025-04-14 10:51:00,Motor/Unterstuetzung,mittel,erledigt
1353,254,2025-10-23 11:15:00,Bremse,leicht,erledigt
1354,254,2026-06-20 10:12:00,Bremse,fahruntauglich,erledigt
1355,255,2024-05-03 15:33:00,Reifen/Platten,mittel,erledigt
1356,255,2025-06-16 19:58:00,Reifen/Platten,fahruntauglich,erledigt
1357,255,2026-04-25 11:13:00,Licht,leicht,erledigt
1358,255,2026-08-05 08:42:00,Schaltung,leicht,erledigt
1359,256,2024-08-04 13:27:00,Reifen/Platten,leicht,erledigt
1360,256,2025-05-04 13:27:00,Motor/Unterstuetzung,mittel,erledigt
1361,256,2025-10-06 19:46:00,Bremse,leicht,erledigt
1362,256,2026-06-15 10:06:00,Reifen/Platten,mittel,erledigt
1363,257,2024-10-04 07:23:00,Licht,fahruntauglich,erledigt
1364,257,2024-10-06 16:26:00,Motor/Unterstuetzung,fahruntauglich,erledigt
1365,257,2025-07-11 10:11:00,Schaltung,fahruntauglich,erledigt
1366,257,2026-06-19 13:43:00,Schaltung,mittel,erledigt
1367,258,2024-06-18 19:43:00,Rahmen/Lenker,fahruntauglich,erledigt
1368,258,2025-04-16 14:43:00,Bremse,fahruntauglich,erledigt
1369,258,2026-05-25 07:12:00,Reifen/Platten,fahruntauglich,erledigt
1370,259,2024-08-27 19:17:00,Rahmen/Lenker,mittel,erledigt
1371,259,2025-05-24 17:14:00,Motor/Unterstuetzung,fahruntauglich,erledigt
1372,259,2026-04-15 13:18:00,Bremse,mittel,erledigt
1373,260,2024-09-14 18:57:00,Sattel/Sitzhaltung,leicht,erledigt
1374,260,2025-12-14 14:40:00,Motor/Unterstuetzung,fahruntauglich,erledigt
1375,260,2026-07-11 18:10:00,Reifen/Platten,fahruntauglich,erledigt
1376,260,2026-07-11 16:48:00,Bremse,mittel,erledigt
1377,261,2025-05-12 10:03:00,Licht,mittel,erledigt
1378,261,2026-05-06 19:36:00,Reifen/Platten,leicht,erledigt
1379,262,2024-10-21 16:41:00,Reifen/Platten,fahruntauglich,erledigt
1380,262,2025-07-18 16:28:00,Akku,fahruntauglich,erledigt
1381,262,2026-05-17 09:54:00,Bremse,fahruntauglich,erledigt
1382,263,2025-09-21 10:56:00,Schaltung,leicht,erledigt
1383,264,2025-03-27 09:21:00,Reifen/Platten,fahruntauglich,erledigt
1384,264,2025-07-15 18:48:00,Bremse,mittel,erledigt
1385,264,2026-07-26 15:14:00,Motor/Unterstuetzung,fahruntauglich,erledigt
1386,265,2026-05-03 11:31:00,Schaltung,leicht,erledigt
1387,266,2026-06-01 15:55:00,Licht,leicht,erledigt
1388,267,2025-03-06 18:41:00,Licht,leicht,erledigt
1389,267,2025-05-16 16:12:00,Rahmen/Lenker,leicht,erledigt
1390,267,2025-12-13 10:35:00,Reifen/Platten,mittel,erledigt
1391,268,2026-03-06 15:02:00,Licht,mittel,erledigt
1392,269,2026-07-12 08:08:00,Motor/Unterstuetzung,fahruntauglich,erledigt
1393,270,2026-07-31 08:09:00,Schaltung,fahruntauglich,erledigt
1394,271,2026-06-08 18:41:00,Schaltung,leicht,erledigt
1395,271,2026-08-23 16:05:00,Sattel/Sitzhaltung,fahruntauglich,offen
1396,272,2026-06-19 13:13:00,Motor/Unterstuetzung,mittel,erledigt
1397,272,2026-08-17 10:49:00,Akku,leicht,offen
1398,274,2026-07-04 13:58:00,Bremse,fahruntauglich,erledigt
1399,276,2026-07-04 12:57:00,Licht,fahruntauglich,erledigt
1400,277,2026-05-10 19:07:00,Bremse,leicht,erledigt
1401,278,2026-07-13 11:18:00,Rahmen/Lenker,fahruntauglich,erledigt
1402,279,2026-08-11 14:57:00,Reifen/Platten,leicht,erledigt
1403,280,2026-06-07 12:29:00,Schaltung,fahruntauglich,erledigt
1404,282,2026-04-22 16:53:00,Schaltung,mittel,erledigt
1405,282,2026-06-03 16:58:00,Schaltung,leicht,erledigt
1406,285,2026-01-13 19:38:00,Reifen/Platten,mittel,erledigt
1407,287,2026-07-30 16:41:00,Motor/Unterstuetzung,leicht,erledigt
1408,292,2026-06-18 11:38:00,Bremse,leicht,erledigt
1409,293,2026-04-25 12:29:00,Sattel/Sitzhaltung,mittel,erledigt
1410,294,2026-08-11 17:00:00,Schaltung,fahruntauglich,erledigt
1411,295,2026-07-20 07:28:00,Sattel/Sitzhaltung,fahruntauglich,erledigt
1412,297,2026-07-20 07:28:00,Schaltung,fahruntauglich,erledigt
1413,299,2026-04-06 12:39:00,Schaltung,mittel,erledigt
1414,300,2026-08-01 19:35:00,Reifen/Platten,mittel,erledigt
1415,301,2026-07-28 15:32:00,Licht,fahruntauglich,erledigt
1416,304,2026-08-23 14:01:00,Sattel/Sitzhaltung,leicht,offen
1417,306,2026-07-07 12:40:00,Licht,mittel,erledigt
1418,307,2026-06-06 11:36:00,Rahmen/Lenker,leicht,erledigt
1419,308,2026-07-06 15:08:00,Sattel/Sitzhaltung,leicht,erledigt
1420,312,2026-07-19 19:04:00,Reifen/Platten,leicht,erledigt
1421,313,2026-06-19 16:29:00,Bremse,leicht,erledigt
1422,314,2026-07-16 19:35:00,Sattel/Sitzhaltung,mittel,erledigt
1423,314,2026-07-17 10:17:00,Reifen/Platten,fahruntauglich,erledigt
1424,317,2026-06-27 08:24:00,Schaltung,leicht,erledigt
1425,319,2026-08-06 09:55:00,Licht,fahruntauglich,erledigt
1426,323,2026-08-08 12:01:00,Reifen/Platten,mittel,erledigt
1427,325,2026-08-10 08:26:00,Licht,mittel,erledigt
1428,330,2026-07-09 18:43:00,Bremse,mittel,erledigt
1429,330,2026-07-30 11:47:00,Schaltung,fahruntauglich,erledigt
1430,336,2026-08-07 07:32:00,Rahmen/Lenker,mittel,erledigt
1431,337,2026-07-07 17:17:00,Bremse,mittel,erledigt
1432,346,2026-08-15 19:35:00,Bremse,leicht,offen
