datum,temp_mittel_c,temp_max_c,niederschlag_mm,wind_max_kmh,wettercode
2021-08-24,15.2,19.1,0.0,17.8,3
2021-08-25,15.6,21.0,0.0,10.9,3
2021-08-26,15.3,18.1,4.6,16.4,55
2021-08-27,13.0,16.4,4.4,17.2,55
2021-08-28,13.3,16.7,0.9,9.9,51
2021-08-29,13.5,15.2,13.3,12.6,63
2021-08-30,15.1,17.8,6.5,16.1,55
2021-08-31,15.1,18.8,0.7,14.2,51
2021-09-01,14.7,19.8,0.1,10.1,51
2021-09-02,15.4,21.8,0.0,11.9,3
2021-09-03,16.0,22.8,0.0,10.8,0
2021-09-04,17.0,23.7,0.0,13.2,1
2021-09-05,17.7,24.4,0.0,10.6,2
2021-09-06,18.3,24.8,0.0,9.4,3
2021-09-07,18.1,23.8,0.1,8.6,51
2021-09-08,17.7,24.4,0.0,12.1,2
2021-09-09,18.4,25.4,1.1,12.0,53
2021-09-10,19.3,24.8,0.8,13.8,51
2021-09-11,18.0,21.3,3.0,12.9,53
2021-09-12,17.1,21.4,0.0,8.6,3
2021-09-13,16.7,22.6,0.0,8.0,3
2021-09-14,18.9,25.3,0.0,8.5,3
2021-09-15,17.8,19.1,7.7,16.6,55
2021-09-16,16.3,18.3,4.0,13.8,61
2021-09-17,14.5,18.3,0.5,10.8,51
2021-09-18,15.0,19.4,0.3,12.0,51
2021-09-19,13.1,17.0,0.0,12.6,3
2021-09-20,11.7,13.8,0.0,9.9,3
2021-09-21,11.4,14.9,0.0,9.4,3
2021-09-22,11.8,17.9,0.0,9.3,3
2021-09-23,13.6,20.5,0.0,16.9,3
2021-09-24,15.4,19.0,0.1,15.0,51
2021-09-25,15.3,21.6,0.0,8.7,3
2021-09-26,17.4,23.4,2.9,9.0,61
2021-09-27,17.2,20.9,2.7,12.4,61
2021-09-28,14.1,16.7,0.3,15.9,51
2021-09-29,13.0,17.6,2.4,27.0,55
2021-09-30,9.7,14.1,0.0,13.2,3
2021-10-01,10.7,18.1,0.0,9.8,3
2021-10-02,14.8,20.7,0.0,17.4,3
2021-10-03,17.8,22.6,3.0,17.0,61
2021-10-04,12.3,14.8,4.0,13.5,53
2021-10-05,11.7,14.8,6.1,20.4,55
2021-10-06,10.6,13.1,1.2,21.4,51
2021-10-07,9.8,13.8,0.0,10.0,3
2021-10-08,11.0,15.8,0.0,18.4,3
2021-10-09,9.3,15.3,0.0,12.3,0
2021-10-10,7.2,13.0,0.0,8.0,3
2021-10-11,6.1,11.8,0.3,12.6,51
2021-10-12,8.7,11.7,5.2,22.0,61
2021-10-13,6.7,10.5,0.1,11.2,51
2021-10-14,8.0,10.3,1.2,12.7,51
2021-10-15,9.1,13.9,0.0,17.3,3
2021-10-16,6.7,12.2,0.0,10.0,3
2021-10-17,7.3,11.8,0.0,7.9,3
2021-10-18,7.2,11.7,0.0,8.2,3
2021-10-19,9.4,13.9,0.9,14.8,51
2021-10-20,13.7,18.7,7.7,21.6,63
2021-10-21,12.1,14.6,11.4,39.1,61
2021-10-22,6.8,10.1,0.0,27.4,3
2021-10-23,7.1,10.5,0.0,17.7,3
2021-10-24,5.0,11.9,0.0,11.1,0
2021-10-25,5.5,13.8,0.0,9.4,3
2021-10-26,9.1,13.6,1.7,14.9,61
2021-10-27,8.4,12.5,0.0,10.4,3
2021-10-28,5.4,10.0,0.0,11.9,3
2021-10-29,4.8,9.2,0.0,9.2,3
2021-10-30,5.5,10.8,1.0,14.7,55
2021-10-31,11.5,16.9,0.0,14.9,3
2021-11-01,9.9,12.9,9.1,14.6,61
2021-11-02,6.7,10.0,3.7,18.2,61
2021-11-03,6.1,9.1,3.2,9.4,55
2021-11-04,5.9,6.8,4.4,19.9,53
2021-11-05,5.8,8.6,3.6,14.9,55
2021-11-06,4.2,7.6,0.0,9.6,3
2021-11-07,4.9,7.0,0.3,20.4,51
2021-11-08,4.9,8.4,0.0,14.4,3
2021-11-09,4.0,9.2,0.0,11.5,3
2021-11-10,2.3,7.2,0.0,9.2,3
2021-11-11,1.0,3.8,0.0,8.3,3
2021-11-12,1.4,5.0,0.0,8.6,3
2021-11-13,3.1,6.8,4.6,9.5,55
2021-11-14,7.0,10.5,0.1,16.0,51
2021-11-15,6.8,8.7,0.0,14.0,3
2021-11-16,3.1,5.3,0.1,7.7,51
2021-11-17,4.9,5.9,0.5,14.4,51
2021-11-18,5.8,7.8,0.0,13.1,3
2021-11-19,6.0,8.0,0.0,15.7,3
2021-11-20,6.8,9.1,0.0,10.6,3
2021-11-21,4.1,6.2,0.6,12.1,51
2021-11-22,4.5,6.5,0.9,19.2,51
2021-11-23,0.3,3.8,0.0,9.0,3
2021-11-24,1.3,5.5,0.0,9.4,3
2021-11-25,-0.0,1.9,0.0,7.9,3
2021-11-26,1.3,3.3,0.4,16.8,51
2021-11-27,2.2,4.1,2.5,16.5,73
2021-11-28,-0.4,3.0,0.3,8.6,51
2021-11-29,-0.1,1.5,0.3,19.3,73
2021-11-30,1.9,3.7,10.4,33.7,73
2021-12-01,5.2,7.2,4.7,30.3,61
2021-12-02,2.3,5.1,5.0,23.7,71
2021-12-03,-0.5,1.5,0.0,21.2,3
2021-12-04,2.5,6.8,14.1,24.5,75
2021-12-05,1.9,4.6,0.7,20.4,73
2021-12-06,-0.1,2.3,0.2,10.2,51
2021-12-07,1.2,4.3,2.9,22.0,73
2021-12-08,1.2,2.6,8.4,16.8,73
2021-12-09,2.0,3.4,1.8,14.9,71
2021-12-10,1.1,2.8,1.7,13.7,73
2021-12-11,1.5,3.1,0.8,13.3,71
2021-12-12,2.7,4.2,2.0,15.6,53
2021-12-13,5.2,6.9,1.3,11.3,51
2021-12-14,5.5,6.6,0.3,9.7,51
2021-12-15,5.1,6.2,0.0,7.3,3
2021-12-16,5.7,7.8,0.1,8.2,51
2021-12-17,4.9,6.2,0.0,9.2,3
2021-12-18,2.1,3.2,0.0,7.9,3
2021-12-19,3.7,5.1,0.0,18.0,3
2021-12-20,1.3,4.5,0.0,12.3,3
2021-12-21,-3.8,0.9,0.0,8.9,2
2021-12-22,-4.6,0.2,0.0,7.2,3
2021-12-23,-1.4,5.1,0.2,21.7,51
2021-12-24,5.9,7.0,2.2,23.8,53
2021-12-25,2.0,5.3,9.9,15.9,73
2021-12-26,0.2,2.1,0.5,11.5,51
2021-12-27,4.1,6.8,3.6,11.2,53
2021-12-28,6.6,9.2,11.1,27.4,63
2021-12-29,7.9,8.9,11.7,25.8,63
2021-12-30,11.5,13.3,1.6,20.2,53
2021-12-31,10.4,12.1,0.0,18.6,3
2022-01-01,9.2,11.5,0.0,16.9,3
2022-01-02,7.6,10.5,0.0,22.5,3
2022-01-03,8.7,10.1,5.9,33.2,61
2022-01-04,7.4,10.3,24.8,24.3,61
2022-01-05,3.1,5.2,4.3,27.6,71
2022-01-06,1.4,3.5,0.2,19.2,51
2022-01-07,0.2,1.9,2.4,20.7,73
2022-01-08,1.2,2.3,7.1,19.4,75
2022-01-09,2.4,4.0,7.6,29.7,71
2022-01-10,-0.1,4.2,0.2,7.6,71
2022-01-11,0.9,3.6,0.0,7.8,3
2022-01-12,0.5,2.6,0.0,6.4,3
2022-01-13,-0.0,2.5,0.0,8.0,3
2022-01-14,-0.4,5.0,0.0,10.7,3
2022-01-15,0.5,2.9,0.0,6.6,3
2022-01-16,0.2,1.4,0.3,18.9,71
2022-01-17,2.8,4.0,0.1,28.2,51
2022-01-18,2.3,4.7,0.0,12.3,3
2022-01-19,1.6,4.1,0.2,21.5,51
2022-01-20,1.6,2.7,2.1,21.3,73
2022-01-21,-0.1,2.6,0.6,24.7,71
2022-01-22,3.0,4.2,0.8,21.8,51
2022-01-23,3.6,5.1,0.1,10.3,51
2022-01-24,2.9,4.7,0.0,7.6,3
2022-01-25,-0.8,1.7,0.0,8.0,3
2022-01-26,-0.1,0.7,0.0,14.1,3
2022-01-27,0.1,2.8,0.3,23.4,71
2022-01-28,2.9,4.7,0.8,25.0,71
2022-01-29,3.1,5.9,0.7,30.6,51
2022-01-30,3.9,6.2,0.4,27.6,51
2022-01-31,2.0,4.4,8.2,31.2,73
2022-02-01,2.0,5.1,3.4,29.5,73
2022-02-02,5.0,7.2,1.7,26.7,53
2022-02-03,5.1,7.7,0.4,14.8,51
2022-02-04,5.3,6.9,1.1,28.6,53
2022-02-05,2.3,4.5,0.1,21.7,51
2022-02-06,3.7,4.7,23.1,38.2,73
2022-02-07,3.0,5.4,2.3,30.1,73
2022-02-08,3.8,6.3,0.0,19.7,3
2022-02-09,6.4,10.7,0.0,18.3,3
2022-02-10,4.6,7.5,0.2,21.3,51
2022-02-11,2.9,5.0,3.8,25.7,55
2022-02-12,0.1,5.7,0.0,14.0,3
2022-02-13,1.8,10.3,0.0,13.7,3
2022-02-14,6.5,12.0,1.9,15.5,53
2022-02-15,5.3,7.9,0.7,19.4,51
2022-02-16,6.4,10.0,7.2,32.6,61
2022-02-17,8.9,11.4,6.7,47.3,61
2022-02-18,8.2,12.9,3.8,36.9,55
2022-02-19,5.1,7.1,0.3,33.3,51
2022-02-20,6.0,7.8,3.0,33.7,71
2022-02-21,5.5,8.2,10.9,37.0,73
2022-02-22,4.9,7.7,1.6,25.5,51
2022-02-23,5.8,10.3,0.9,26.0,53
2022-02-24,6.4,12.3,2.9,30.0,61
2022-02-25,2.4,5.8,2.2,24.9,73
2022-02-26,1.8,5.4,0.2,13.8,51
2022-02-27,1.4,6.6,0.0,14.4,2
2022-02-28,0.7,7.3,0.0,16.4,0
2022-03-01,0.2,6.1,0.0,13.2,3
2022-03-02,0.3,5.8,0.0,8.4,3
2022-03-03,0.7,9.0,0.0,13.2,1
2022-03-04,0.1,5.9,0.0,12.2,2
2022-03-05,0.4,4.9,0.0,12.2,3
2022-03-06,0.3,4.2,0.0,14.0,3
2022-03-07,-0.6,4.0,0.0,16.8,3
2022-03-08,0.1,8.1,0.0,14.0,1
2022-03-09,1.4,11.6,0.0,11.6,3
2022-03-10,3.0,12.7,0.0,12.6,0
2022-03-11,2.8,10.3,0.0,17.3,2
2022-03-12,3.3,10.3,0.0,11.1,3
2022-03-13,4.0,12.5,0.0,12.6,1
2022-03-14,4.9,10.7,1.7,17.9,53
2022-03-15,3.5,8.1,8.6,10.9,61
2022-03-16,5.4,12.2,0.0,16.6,3
2022-03-17,7.6,11.9,3.1,16.1,55
2022-03-18,7.4,10.5,0.0,22.3,3
2022-03-19,5.0,9.6,0.5,24.2,51
2022-03-20,7.1,13.8,0.0,16.9,3
2022-03-21,5.6,13.2,0.0,10.8,1
2022-03-22,6.0,14.5,0.0,10.5,0
2022-03-23,6.9,16.3,0.0,9.2,0
2022-03-24,6.0,16.7,0.0,12.0,0
2022-03-25,6.8,16.1,0.0,12.7,0
2022-03-26,7.6,15.8,0.0,11.4,0
2022-03-27,8.7,16.8,0.0,10.8,0
2022-03-28,10.1,18.9,0.0,10.5,3
2022-03-29,9.2,14.3,1.5,7.7,55
2022-03-30,7.1,9.3,3.2,14.0,55
2022-03-31,5.0,8.1,0.7,15.3,51
2022-04-01,1.0,3.4,17.3,18.1,73
2022-04-02,-0.0,1.9,5.0,19.8,73
2022-04-03,-0.7,3.2,0.0,11.5,3
2022-04-04,1.0,6.3,1.7,30.4,71
2022-04-05,5.8,8.5,6.5,29.1,55
2022-04-06,9.9,13.2,1.2,26.5,51
2022-04-07,9.6,14.0,7.9,42.3,61
2022-04-08,5.1,7.9,15.9,25.9,75
2022-04-09,3.7,7.4,7.9,25.3,75
2022-04-10,3.6,7.9,0.7,17.5,51
2022-04-11,5.3,12.5,0.0,11.3,3
2022-04-12,9.6,18.2,0.0,13.0,3
2022-04-13,12.3,20.8,0.0,9.9,3
2022-04-14,12.0,20.2,1.6,15.9,61
2022-04-15,11.2,17.1,0.1,17.4,51
2022-04-16,7.6,11.6,0.0,18.5,3
2022-04-17,6.9,13.1,0.0,12.1,3
2022-04-18,8.2,15.3,0.0,10.8,3
2022-04-19,8.7,15.9,0.0,17.1,3
2022-04-20,7.6,15.4,0.0,18.6,3
2022-04-21,9.1,14.5,0.0,16.2,3
2022-04-22,10.3,17.3,0.0,21.4,3
2022-04-23,10.7,14.5,0.2,20.9,51
2022-04-24,9.5,11.5,1.7,16.6,53
2022-04-25,9.2,13.2,0.4,12.3,51
2022-04-26,8.4,10.9,9.3,13.3,55
2022-04-27,9.9,15.8,2.4,10.9,61
2022-04-28,11.0,17.7,0.0,10.2,3
2022-04-29,11.7,18.9,0.0,9.4,3
2022-04-30,11.0,14.9,6.4,10.6,61
2022-05-01,10.7,16.6,0.7,12.5,51
2022-05-02,12.8,19.1,0.2,15.3,51
2022-05-03,13.5,20.6,0.0,10.5,2
2022-05-04,13.1,19.0,2.3,10.2,55
2022-05-05,12.7,17.1,0.6,10.9,51
2022-05-06,13.7,18.3,0.0,12.2,3
2022-05-07,13.6,20.0,0.0,12.1,2
2022-05-08,14.7,20.9,0.0,18.1,1
2022-05-09,15.5,21.9,0.3,11.0,51
2022-05-10,16.9,24.2,0.1,13.5,51
2022-05-11,20.4,26.6,0.0,21.3,3
2022-05-12,18.9,21.6,1.3,22.5,61
2022-05-13,16.4,19.4,0.0,20.6,3
2022-05-14,15.1,22.1,0.0,9.7,1
2022-05-15,16.5,23.8,0.0,10.5,3
2022-05-16,17.0,24.6,8.4,19.7,63
2022-05-17,17.7,21.9,0.8,11.5,51
2022-05-18,19.3,25.6,0.0,10.7,3
2022-05-19,19.9,28.2,0.6,12.9,53
2022-05-20,20.6,28.5,1.5,20.5,55
2022-05-21,15.5,18.7,0.2,21.6,51
2022-05-22,15.7,21.9,0.0,9.5,3
2022-05-23,17.8,24.1,0.1,18.6,51
2022-05-24,16.8,19.7,0.6,23.0,51
2022-05-25,15.2,19.5,0.1,17.8,51
2022-05-26,16.2,18.7,0.0,22.5,3
2022-05-27,14.8,16.3,2.2,22.1,53
2022-05-28,12.4,16.8,0.5,19.5,51
2022-05-29,11.2,14.8,0.7,10.4,51
2022-05-30,11.1,16.3,0.6,9.8,51
2022-05-31,13.7,20.7,0.2,16.4,51
2022-06-01,15.3,21.4,0.6,18.9,53
2022-06-02,14.9,20.4,0.0,10.5,3
2022-06-03,18.5,27.2,5.3,13.5,63
2022-06-04,19.0,24.1,0.0,10.5,3
2022-06-05,18.6,24.0,1.4,20.0,55
2022-06-06,17.8,21.4,0.8,17.5,51
2022-06-07,17.5,21.8,0.5,15.0,51
2022-06-08,17.1,22.4,2.3,14.2,53
2022-06-09,15.3,19.3,1.0,18.0,53
2022-06-10,16.8,22.6,0.1,9.6,51
2022-06-11,18.5,25.0,0.0,10.1,3
2022-06-12,20.4,26.2,0.0,15.1,3
2022-06-13,17.6,21.1,0.0,19.4,3
2022-06-14,17.0,23.0,0.0,10.6,3
2022-06-15,20.3,28.6,0.0,10.2,3
2022-06-16,21.0,27.2,0.0,16.3,3
2022-06-17,20.2,27.0,0.0,11.0,3
2022-06-18,24.7,32.9,0.0,11.8,3
2022-06-19,26.8,34.1,0.0,19.8,3
2022-06-20,18.8,24.2,0.2,18.4,51
2022-06-21,17.0,24.5,0.0,10.9,3
2022-06-22,19.6,26.9,0.8,14.4,53
2022-06-23,22.9,29.9,0.1,16.6,51
2022-06-24,21.5,26.1,4.9,20.9,61
2022-06-25,20.6,25.9,0.0,13.4,3
2022-06-26,22.4,29.0,0.2,8.1,51
2022-06-27,21.0,25.1,2.7,16.9,61
2022-06-28,20.2,25.3,0.0,10.5,3
2022-06-29,21.3,27.1,5.4,12.0,63
2022-06-30,23.0,29.3,0.1,13.3,51
2022-07-01,15.9,20.9,6.4,20.5,53
2022-07-02,18.0,24.6,0.0,13.1,3
2022-07-03,20.9,28.0,0.0,13.4,1
2022-07-04,20.9,25.7,0.0,15.4,3
2022-07-05,20.2,26.2,0.0,17.1,3
2022-07-06,18.6,22.4,0.0,15.5,3
2022-07-07,16.3,19.0,3.1,22.3,55
2022-07-08,16.3,23.4,0.2,16.3,51
2022-07-09,18.5,23.1,0.7,16.0,51
2022-07-10,15.8,19.4,0.0,17.4,3
2022-07-11,17.5,22.4,0.9,14.4,51
2022-07-12,19.2,25.8,0.1,7.2,51
2022-07-13,21.9,29.4,0.3,13.7,51
2022-07-14,22.6,29.1,6.5,20.3,63
2022-07-15,17.5,22.1,0.0,12.5,3
2022-07-16,17.7,23.8,0.0,16.1,3
2022-07-17,18.6,26.0,0.0,10.9,3
2022-07-18,21.8,30.4,0.0,10.5,3
2022-07-19,25.5,34.3,0.0,11.8,1
2022-07-20,27.4,35.4,0.0,22.1,3
2022-07-21,22.7,26.5,7.6,18.0,63
2022-07-22,22.3,28.4,0.0,10.9,3
2022-07-23,22.6,27.2,1.5,13.1,53
2022-07-24,22.9,29.1,0.0,9.0,3
2022-07-25,25.8,33.6,0.0,22.3,3
2022-07-26,21.4,24.9,0.2,16.8,51
2022-07-27,19.1,23.1,0.1,14.1,51
2022-07-28,20.4,27.5,0.0,16.1,3
2022-07-29,21.7,27.7,1.1,15.8,51
2022-07-30,19.4,25.3,2.8,16.2,61
2022-07-31,20.6,26.9,0.6,12.5,53
2022-08-01,22.2,27.3,0.9,14.2,51
2022-08-02,22.4,28.8,0.6,10.4,51
2022-08-03,24.0,31.8,0.0,8.9,3
2022-08-04,26.9,35.7,0.0,14.7,3
2022-08-05,24.5,32.0,1.3,18.9,51
2022-08-06,19.1,23.4,0.0,13.8,3
2022-08-07,19.3,25.3,0.0,12.9,2
2022-08-08,20.9,27.4,0.0,12.4,3
2022-08-09,22.5,28.5,0.0,15.8,2
2022-08-10,22.9,28.7,0.0,15.3,3
2022-08-11,22.7,28.9,0.0,16.5,3
2022-08-12,22.2,28.4,0.0,20.4,2
2022-08-13,22.1,29.0,0.0,16.1,3
2022-08-14,24.1,30.7,0.0,10.3,3
2022-08-15,23.1,28.0,0.1,17.9,51
2022-08-16,22.0,27.4,0.1,10.9,51
2022-08-17,22.0,30.0,1.9,11.6,61
2022-08-18,21.3,25.6,2.5,16.5,55
2022-08-19,20.1,24.1,6.7,13.9,61
2022-08-20,19.5,24.6,7.7,14.2,63
2022-08-21,20.3,26.6,0.0,12.5,3
2022-08-22,20.3,26.4,0.0,14.5,2
2022-08-23,21.0,27.9,0.0,11.6,3
2022-08-24,21.8,28.7,0.0,10.0,2
2022-08-25,22.8,28.7,0.0,12.6,3
2022-08-26,22.5,28.6,3.0,12.3,61
2022-08-27,19.4,23.2,17.4,14.1,63
2022-08-28,19.0,23.8,2.6,11.4,61
2022-08-29,18.3,24.5,0.0,10.8,3
2022-08-30,19.3,26.2,0.0,16.1,3
2022-08-31,18.7,23.4,0.0,16.6,3
2022-09-01,18.0,22.4,0.0,13.7,3
2022-09-02,17.8,23.0,0.0,15.6,3
2022-09-03,17.2,22.4,0.1,11.5,51
2022-09-04,18.4,24.6,0.3,8.4,51
2022-09-05,19.4,27.1,0.0,9.5,3
2022-09-06,20.9,28.3,0.0,9.8,3
2022-09-07,20.6,26.0,2.4,12.7,61
2022-09-08,18.1,21.2,4.1,20.5,61
2022-09-09,16.4,20.9,2.3,21.9,61
2022-09-10,14.7,18.6,8.5,19.5,61
2022-09-11,15.9,20.2,0.9,15.7,51
2022-09-12,15.5,22.3,0.0,8.7,3
2022-09-13,16.2,21.6,0.7,12.7,53
2022-09-14,17.6,20.7,18.8,16.1,63
2022-09-15,15.9,17.7,20.4,20.0,63
2022-09-16,13.2,15.9,1.8,20.2,61
2022-09-17,10.2,13.7,5.4,23.2,61
2022-09-18,9.6,12.0,12.8,24.9,61
2022-09-19,10.2,13.7,2.7,22.2,53
2022-09-20,9.9,13.4,0.9,13.3,51
2022-09-21,9.2,15.5,0.0,9.1,3
2022-09-22,9.5,16.5,0.0,9.5,2
2022-09-23,10.1,17.5,0.0,8.0,3
2022-09-24,11.7,17.3,3.2,8.9,55
2022-09-25,12.1,15.5,7.2,11.5,63
2022-09-26,11.5,14.4,0.7,21.1,51
2022-09-27,9.4,11.6,8.2,21.1,61
2022-09-28,8.7,11.8,6.6,18.7,63
2022-09-29,8.2,12.7,0.7,7.6,53
2022-09-30,9.0,15.1,0.0,8.1,3
2022-10-01,10.0,13.6,9.3,27.5,61
2022-10-02,11.5,12.9,8.9,16.4,61
2022-10-03,10.8,14.7,0.3,12.7,51
2022-10-04,9.7,16.5,0.3,7.8,51
2022-10-05,12.9,19.3,0.0,15.0,3
2022-10-06,14.2,17.4,0.1,15.1,51
2022-10-07,11.6,18.3,0.1,6.9,51
2022-10-08,12.2,16.4,1.8,17.2,53
2022-10-09,9.0,15.5,0.0,14.0,0
2022-10-10,11.5,18.6,0.1,11.7,51
2022-10-11,11.6,15.4,0.1,11.9,51
2022-10-12,10.1,15.9,0.0,8.3,3
2022-10-13,10.5,15.3,0.6,10.7,51
2022-10-14,13.4,17.0,5.8,12.9,63
2022-10-15,14.7,18.2,7.8,20.2,61
2022-10-16,15.7,19.9,1.4,13.5,53
2022-10-17,16.1,23.6,0.0,10.6,3
2022-10-18,14.4,17.9,9.3,12.7,63
2022-10-19,11.5,16.0,0.0,12.1,3
2022-10-20,10.1,14.3,1.0,11.9,53
2022-10-21,13.1,16.7,5.6,16.0,61
2022-10-22,13.9,18.8,1.9,14.9,53
2022-10-23,13.1,18.7,2.8,18.7,61
2022-10-24,15.1,17.7,0.3,20.0,51
2022-10-25,12.7,16.3,0.7,17.9,51
2022-10-26,12.8,18.2,1.0,18.9,53
2022-10-27,12.8,20.0,0.0,11.5,3
2022-10-28,15.0,22.1,0.1,10.5,51
2022-10-29,15.2,20.9,0.0,10.0,3
2022-10-30,14.2,20.5,0.0,8.7,3
2022-10-31,11.7,17.0,0.0,7.2,3
2022-11-01,12.7,16.6,2.5,17.9,61
2022-11-02,9.9,14.0,0.0,19.4,3
2022-11-03,9.0,13.3,0.0,11.8,3
2022-11-04,9.1,11.1,1.4,22.3,53
2022-11-05,7.2,10.8,0.1,9.0,51
2022-11-06,6.5,10.6,0.0,13.7,3
2022-11-07,10.6,13.2,0.0,23.9,3
2022-11-08,10.2,15.1,0.0,10.8,3
2022-11-09,11.7,14.6,5.2,14.3,61
2022-11-10,9.2,12.8,0.0,14.7,3
2022-11-11,6.2,11.6,0.0,8.9,3
2022-11-12,4.7,9.4,0.0,7.2,3
2022-11-13,4.6,11.5,0.0,9.1,3
2022-11-14,6.2,11.7,0.0,14.2,2
2022-11-15,9.1,12.7,0.3,12.7,51
2022-11-16,8.7,11.5,4.8,15.3,55
2022-11-17,8.1,10.8,8.2,19.6,61
2022-11-18,7.0,8.5,10.7,12.6,61
2022-11-19,0.5,4.9,6.7,14.5,75
2022-11-20,1.8,4.4,4.5,20.2,71
2022-11-21,4.8,7.1,1.0,24.4,51
2022-11-22,4.8,6.8,1.1,13.1,53
2022-11-23,4.8,9.2,2.5,13.0,61
2022-11-24,6.0,8.0,5.7,18.2,55
2022-11-25,3.9,7.7,0.8,12.1,53
2022-11-26,4.4,7.9,0.0,10.3,3
2022-11-27,1.8,4.7,0.0,12.2,3
2022-11-28,3.5,5.6,2.2,12.4,73
2022-11-29,4.8,6.0,1.2,6.6,51
2022-11-30,4.6,5.8,0.1,9.1,51
2022-12-01,2.1,5.3,0.0,13.1,3
2022-12-02,1.2,2.6,5.8,14.5,73
2022-12-03,1.4,2.6,0.3,12.0,71
2022-12-04,1.9,4.4,2.2,14.7,61
2022-12-05,3.4,3.9,0.7,10.9,51
2022-12-06,2.7,3.4,0.2,11.9,51
2022-12-07,1.8,3.9,0.4,15.5,51
2022-12-08,1.4,3.3,0.1,14.9,51
2022-12-09,-1.5,2.6,0.0,11.2,3
2022-12-10,-1.6,1.8,0.6,10.5,73
2022-12-11,-1.8,-0.5,0.5,10.4,71
2022-12-12,-2.4,-0.2,0.3,7.8,71
2022-12-13,-6.0,-2.0,0.0,10.9,3
2022-12-14,-3.8,-2.7,3.7,12.0,75
2022-12-15,-4.5,-1.7,0.0,12.3,3
2022-12-16,-3.2,-0.1,0.0,13.5,3
2022-12-17,-6.8,-2.4,0.0,8.9,0
2022-12-18,-6.7,-3.4,0.0,14.1,3
2022-12-19,-0.8,4.5,0.6,10.2,51
2022-12-20,1.1,5.1,0.4,9.2,51
2022-12-21,5.8,8.7,12.2,15.3,61
2022-12-22,7.8,9.2,10.8,28.6,61
2022-12-23,8.1,11.4,20.6,24.5,63
2022-12-24,8.5,10.4,0.1,23.3,51
2022-12-25,7.4,10.7,0.1,18.6,51
2022-12-26,9.3,10.3,7.2,21.5,61
2022-12-27,3.1,6.5,1.2,20.2,55
2022-12-28,4.4,7.9,0.0,18.1,3
2022-12-29,9.6,11.8,3.5,25.4,55
2022-12-30,6.9,10.8,3.4,23.5,61
2022-12-31,13.7,16.5,2.4,28.6,61
2023-01-01,11.6,13.9,0.0,19.7,3
2023-01-02,11.3,14.3,0.4,19.5,51
2023-01-03,6.3,8.9,0.0,13.9,3
2023-01-04,6.5,9.7,2.3,32.3,55
2023-01-05,8.9,10.2,2.2,27.1,55
2023-01-06,9.1,10.4,0.5,21.1,51
2023-01-07,6.8,10.6,0.0,13.7,3
2023-01-08,6.7,8.8,0.8,15.5,51
2023-01-09,6.1,7.5,6.1,22.9,55
2023-01-10,4.1,6.3,0.2,18.3,51
2023-01-11,6.8,8.8,3.5,21.4,53
2023-01-12,7.2,8.7,4.6,29.5,55
2023-01-13,7.9,9.1,5.4,26.8,53
2023-01-14,6.4,8.4,6.8,25.0,61
2023-01-15,6.1,9.8,8.6,25.7,55
2023-01-16,3.0,5.2,3.0,27.5,71
2023-01-17,1.5,4.0,0.4,29.9,51
2023-01-18,-0.8,1.4,4.4,13.0,73
2023-01-19,-2.4,0.5,0.4,19.6,71
2023-01-20,-1.9,1.9,0.8,9.2,71
2023-01-21,-2.8,-0.7,2.2,19.3,73
2023-01-22,0.3,2.0,3.3,12.6,73
2023-01-23,0.1,2.5,0.1,18.4,71
2023-01-24,1.1,2.6,0.0,16.5,3
2023-01-25,0.5,1.4,0.0,8.9,3
2023-01-26,-1.1,-0.3,0.0,7.9,3
2023-01-27,-0.4,1.2,0.0,14.2,3
2023-01-28,-0.3,1.5,0.3,13.9,71
2023-01-29,-3.3,-0.3,0.0,12.7,3
2023-01-30,1.1,3.8,0.6,26.6,71
2023-01-31,2.3,4.4,0.9,27.9,51
2023-02-01,4.2,5.8,7.1,31.0,71
2023-02-02,5.1,6.0,12.9,29.6,55
2023-02-03,6.3,7.4,6.0,31.2,55
2023-02-04,3.4,6.0,0.1,22.9,51
2023-02-05,-1.1,2.3,2.5,9.3,73
2023-02-06,-0.0,3.2,0.5,14.3,71
2023-02-07,-2.3,2.6,0.0,10.4,0
2023-02-08,-2.9,3.5,0.0,11.3,0
2023-02-09,-3.5,1.8,0.0,9.9,3
2023-02-10,-2.0,2.6,0.0,11.4,3
2023-02-11,2.3,5.6,0.0,14.0,3
2023-02-12,4.4,8.1,0.0,10.2,3
2023-02-13,1.6,7.7,0.0,8.7,3
2023-02-14,-1.1,4.4,0.0,9.3,3
2023-02-15,-0.9,5.2,0.0,9.0,3
2023-02-16,2.8,9.7,0.0,13.7,3
2023-02-17,8.8,11.4,0.9,29.5,51
2023-02-18,10.0,12.1,1.8,34.9,53
2023-02-19,8.2,9.9,3.1,24.9,53
2023-02-20,7.7,11.8,0.0,21.5,3
2023-02-21,7.4,13.7,0.0,12.6,3
2023-02-22,6.6,12.9,0.0,9.8,3
2023-02-23,7.8,11.8,0.7,10.4,51
2023-02-24,6.1,8.7,2.5,24.9,53
2023-02-25,2.1,4.6,1.0,19.4,71
2023-02-26,-1.3,2.3,0.4,23.5,71
2023-02-27,-1.2,2.8,0.0,20.9,3
2023-02-28,-0.3,4.5,0.0,18.1,3
2023-03-01,1.1,7.5,0.0,18.6,3
2023-03-02,3.7,11.1,0.0,15.9,3
2023-03-03,2.2,8.5,0.0,11.4,0
2023-03-04,0.6,3.9,0.2,14.1,51
2023-03-05,2.2,4.8,0.1,15.2,51
2023-03-06,1.8,4.9,1.1,18.7,73
2023-03-07,3.2,5.9,0.6,28.7,71
2023-03-08,4.4,8.5,14.7,23.8,73
2023-03-09,8.8,11.3,17.3,29.0,63
2023-03-10,8.1,10.4,7.3,35.7,61
2023-03-11,1.5,3.5,0.3,33.5,71
2023-03-12,1.9,7.6,0.5,16.4,71
2023-03-13,11.0,17.1,8.6,29.9,63
2023-03-14,8.3,11.6,5.1,32.1,61
2023-03-15,1.6,5.0,2.8,20.5,73
2023-03-16,2.1,8.4,0.0,13.8,3
2023-03-17,7.3,16.0,0.0,11.0,3
2023-03-18,10.8,17.1,0.0,10.5,3
2023-03-19,9.0,14.9,7.7,15.4,63
2023-03-20,8.4,12.4,0.7,16.8,51
2023-03-21,8.7,14.9,2.4,13.7,61
2023-03-22,10.8,16.0,0.0,22.0,3
2023-03-23,11.9,13.7,3.2,18.6,53
2023-03-24,11.9,14.4,2.6,28.0,53
2023-03-25,8.7,11.2,4.7,28.1,61
2023-03-26,7.4,11.5,3.7,21.9,61
2023-03-27,3.9,6.4,2.7,22.7,71
2023-03-28,2.8,7.5,0.0,14.7,3
2023-03-29,7.5,13.3,1.6,13.7,61
2023-03-30,11.7,14.5,6.8,32.5,61
2023-03-31,10.0,14.0,7.4,31.1,61
2023-04-01,8.5,10.2,7.4,25.8,61
2023-04-02,6.0,8.0,3.2,18.6,53
2023-04-03,2.8,6.2,0.0,20.5,3
2023-04-04,1.3,5.4,0.0,13.2,3
2023-04-05,1.4,7.4,0.0,9.5,3
2023-04-06,3.6,11.2,0.0,10.9,3
2023-04-07,6.2,10.6,3.0,9.1,53
2023-04-08,4.8,8.8,0.3,13.2,51
2023-04-09,7.4,12.2,0.0,11.2,3
2023-04-10,8.2,15.5,0.0,15.6,3
2023-04-11,9.2,11.9,3.9,24.5,53
2023-04-12,8.0,12.3,7.8,20.2,61
2023-04-13,6.9,11.5,2.4,24.6,61
2023-04-14,6.5,12.0,0.6,17.8,51
2023-04-15,6.2,8.8,9.8,17.4,61
2023-04-16,8.2,10.1,8.4,15.1,61
2023-04-17,8.6,11.2,0.8,17.2,51
2023-04-18,8.2,13.2,0.3,22.6,51
2023-04-19,7.9,12.0,0.0,23.1,3
2023-04-20,6.7,11.2,3.1,22.0,61
2023-04-21,11.1,17.3,1.2,13.6,53
2023-04-22,13.8,21.4,0.8,13.3,51
2023-04-23,13.6,17.0,3.7,16.6,55
2023-04-24,10.1,12.5,1.4,28.1,51
2023-04-25,7.7,10.4,2.1,17.7,55
2023-04-26,5.9,11.1,0.0,10.9,3
2023-04-27,7.8,14.7,0.0,9.4,3
2023-04-28,11.4,15.4,5.2,15.8,55
2023-04-29,11.9,14.4,0.5,15.3,51
2023-04-30,11.9,16.6,0.0,14.9,3
2023-05-01,10.1,13.9,0.4,11.2,51
2023-05-02,11.2,15.8,2.1,14.7,61
2023-05-03,9.9,15.6,0.0,12.3,3
2023-05-04,12.4,19.5,0.0,12.4,3
2023-05-05,14.5,22.3,1.9,13.6,53
2023-05-06,15.0,19.3,0.5,10.7,51
2023-05-07,15.4,21.4,1.9,13.8,53
2023-05-08,13.6,18.2,1.7,10.1,53
2023-05-09,15.3,20.5,0.9,14.6,51
2023-05-10,13.8,16.4,8.3,16.4,61
2023-05-11,11.3,12.5,9.4,8.7,55
2023-05-12,11.9,14.8,2.7,14.4,53
2023-05-13,12.4,17.1,0.1,16.9,51
2023-05-14,12.8,17.4,0.1,13.8,51
2023-05-15,13.4,18.5,0.2,16.6,51
2023-05-16,11.4,14.8,2.5,17.8,55
2023-05-17,9.8,13.8,0.0,15.3,3
2023-05-18,10.9,16.2,0.0,17.3,3
2023-05-19,12.3,16.9,0.0,19.2,3
2023-05-20,15.8,21.2,0.0,18.4,3
2023-05-21,19.2,25.1,0.0,14.6,3
2023-05-22,19.1,26.5,0.1,11.9,51
2023-05-23,16.1,18.3,0.1,18.9,51
2023-05-24,11.4,15.2,0.0,13.8,3
2023-05-25,13.6,20.3,0.0,13.5,1
2023-05-26,15.2,21.1,0.0,16.1,1
2023-05-27,15.5,21.8,0.0,12.8,2
2023-05-28,16.4,23.2,0.0,14.1,1
2023-05-29,17.5,23.7,0.0,14.5,3
2023-05-30,16.6,21.4,0.0,16.1,3
2023-05-31,17.7,24.0,0.0,14.8,3
2023-06-01,18.6,25.6,0.0,14.8,3
2023-06-02,15.2,20.4,0.0,17.3,3
2023-06-03,16.4,22.6,0.0,18.8,2
2023-06-04,16.9,22.9,0.0,17.3,1
2023-06-05,18.0,24.7,0.2,16.7,51
2023-06-06,17.3,22.7,0.1,19.6,51
2023-06-07,18.5,23.6,0.3,11.9,51
2023-06-08,18.7,24.8,0.4,17.4,51
2023-06-09,19.9,26.7,0.0,23.4,2
2023-06-10,20.5,27.2,0.0,15.9,1
2023-06-11,21.5,27.8,0.0,17.6,3
2023-06-12,20.2,25.0,0.0,14.8,1
2023-06-13,19.1,24.3,0.0,15.3,0
2023-06-14,17.7,22.1,0.0,14.4,3
2023-06-15,18.0,24.0,0.2,11.5,51
2023-06-16,17.3,23.3,1.8,13.8,53
2023-06-17,19.5,26.0,0.0,17.4,3
2023-06-18,21.3,28.2,0.0,10.7,3
2023-06-19,23.3,27.6,1.0,17.1,53
2023-06-20,23.5,29.5,18.7,12.6,65
2023-06-21,22.9,27.5,0.3,13.7,51
2023-06-22,23.3,29.7,0.5,13.3,51
2023-06-23,18.6,22.3,1.1,32.3,53
2023-06-24,19.8,25.9,0.0,13.3,3
2023-06-25,21.0,27.4,0.0,8.4,0
2023-06-26,21.8,28.8,0.2,21.7,51
2023-06-27,18.5,21.8,0.0,16.1,3
2023-06-28,18.5,23.0,0.2,10.2,51
2023-06-29,20.3,26.4,0.1,11.9,51
2023-06-30,19.4,23.5,3.3,14.4,61
2023-07-01,17.7,22.1,0.0,24.5,3
2023-07-02,18.4,22.1,0.2,23.9,51
2023-07-03,18.1,22.2,0.0,26.3,3
2023-07-04,19.5,24.6,0.2,18.5,51
2023-07-05,18.5,21.6,3.0,24.0,61
2023-07-06,18.3,24.1,0.0,11.3,3
2023-07-07,20.3,28.2,0.0,9.8,3
2023-07-08,23.3,30.5,0.0,9.9,3
2023-07-09,25.7,32.9,0.0,8.7,3
2023-07-10,24.7,28.8,0.3,20.2,51
2023-07-11,24.9,32.6,0.4,14.3,51
2023-07-12,22.9,27.5,3.2,21.3,55
2023-07-13,20.6,23.9,0.0,18.7,3
2023-07-14,20.4,27.1,0.0,12.0,3
2023-07-15,25.0,33.0,0.5,16.6,51
2023-07-16,21.4,25.4,4.3,21.7,61
2023-07-17,21.3,25.9,0.0,22.1,3
2023-07-18,20.4,26.4,0.0,11.1,3
2023-07-19,21.4,28.0,0.0,17.6,3
2023-07-20,19.7,23.6,0.2,14.7,51
2023-07-21,18.2,22.7,1.0,15.7,53
2023-07-22,18.4,23.1,0.6,16.1,53
2023-07-23,20.9,26.1,0.3,25.2,51
2023-07-24,20.2,24.5,5.2,26.1,61
2023-07-25,16.6,19.4,18.9,16.3,63
2023-07-26,15.1,18.6,2.3,16.3,55
2023-07-27,15.0,18.2,12.0,19.5,61
2023-07-28,18.5,22.9,14.3,21.8,63
2023-07-29,19.5,23.8,13.9,20.4,63
2023-07-30,18.4,20.8,2.1,24.5,53
2023-07-31,18.2,21.3,2.5,23.6,55
2023-08-01,17.5,20.9,17.7,25.2,61
2023-08-02,17.1,21.8,16.6,29.9,63
2023-08-03,18.0,20.4,0.9,34.0,51
2023-08-04,16.0,20.6,19.2,15.3,63
2023-08-05,16.9,21.2,1.6,12.5,53
2023-08-06,14.8,18.5,14.8,31.3,63
2023-08-07,12.9,16.0,13.0,30.3,63
2023-08-08,15.5,19.2,0.4,23.9,51
2023-08-09,16.3,20.2,5.6,18.7,55
2023-08-10,16.4,23.2,0.0,9.0,3
2023-08-11,19.5,27.0,0.0,10.0,3
2023-08-12,20.5,27.1,0.7,10.8,51
2023-08-13,21.0,24.9,0.6,13.6,51
2023-08-14,22.8,28.6,6.9,15.5,63
2023-08-15,22.6,27.1,3.0,20.4,61
2023-08-16,21.3,29.2,7.8,15.5,63
2023-08-17,21.0,27.4,10.1,18.2,63
2023-08-18,22.6,29.1,0.0,10.4,3
2023-08-19,24.1,32.0,0.0,13.8,3
2023-08-20,25.0,30.7,0.0,8.4,3
2023-08-21,24.8,30.2,0.2,8.6,51
2023-08-22,23.6,29.9,0.0,16.6,2
2023-08-23,22.2,27.8,0.0,8.4,1
2023-08-24,21.9,28.8,0.2,11.7,51
2023-08-25,21.7,25.4,2.4,20.2,61
2023-08-26,19.4,22.8,7.9,17.0,63
2023-08-27,17.2,20.2,1.8,10.8,53
2023-08-28,14.6,16.6,0.1,11.7,51
2023-08-29,14.8,17.8,4.2,10.4,55
2023-08-30,15.3,19.4,4.5,14.8,61
2023-08-31,14.7,18.0,3.7,20.9,61
2023-09-01,16.4,20.7,5.1,18.8,61
2023-09-02,17.9,22.9,0.0,8.3,3
2023-09-03,18.1,23.3,0.0,9.7,3
2023-09-04,17.8,24.5,0.0,11.8,3
2023-09-05,18.9,25.3,0.0,12.6,3
2023-09-06,18.9,26.8,0.0,10.4,0
2023-09-07,19.9,27.4,0.0,10.0,0
2023-09-08,19.6,27.1,0.0,10.2,0
2023-09-09,19.6,27.4,0.0,8.7,0
2023-09-10,20.3,27.4,0.0,8.0,0
2023-09-11,20.5,27.9,0.0,8.2,3
2023-09-12,21.3,29.3,5.2,19.3,63
2023-09-13,18.9,22.2,0.9,15.1,53
2023-09-14,16.1,20.3,0.0,8.4,3
2023-09-15,16.3,23.5,0.0,11.0,1
2023-09-16,18.7,25.9,0.0,9.8,3
2023-09-17,20.3,27.5,0.1,12.9,51
2023-09-18,18.9,21.4,3.1,16.2,61
2023-09-19,17.2,20.4,0.1,20.8,51
2023-09-20,18.0,23.5,0.0,14.3,3
2023-09-21,18.5,24.6,2.0,19.4,61
2023-09-22,15.1,17.4,3.9,17.6,53
2023-09-23,12.9,16.5,0.3,15.8,51
2023-09-24,12.1,17.7,0.0,9.3,3
2023-09-25,13.4,20.2,0.0,9.8,3
2023-09-26,15.1,22.3,0.0,8.4,1
2023-09-27,16.2,23.4,0.0,10.8,3
2023-09-28,17.1,25.0,0.0,9.7,3
2023-09-29,17.8,24.9,0.2,21.7,51
2023-09-30,16.0,19.7,0.0,13.3,3
2023-10-01,14.0,21.5,0.0,8.5,3
2023-10-02,16.1,24.2,0.0,10.2,3
2023-10-03,16.9,24.5,2.1,27.5,55
2023-10-04,12.6,16.9,0.0,14.2,3
2023-10-05,11.4,15.6,0.0,15.5,3
2023-10-06,11.9,18.0,0.0,12.3,3
2023-10-07,14.2,18.6,0.0,18.8,3
2023-10-08,16.0,19.5,0.0,18.7,3
2023-10-09,15.7,20.6,0.0,15.2,3
2023-10-10,16.0,22.4,0.0,10.2,3
2023-10-11,17.4,24.0,0.0,15.6,3
2023-10-12,16.4,18.1,4.6,18.5,61
2023-10-13,18.8,24.6,0.0,19.7,3
2023-10-14,15.7,20.5,1.2,30.0,53
2023-10-15,7.7,11.1,0.6,21.0,51
2023-10-16,5.3,10.5,0.0,11.0,3
2023-10-17,5.7,10.6,0.0,12.7,3
2023-10-18,7.1,13.2,0.2,13.7,51
2023-10-19,12.9,18.4,12.7,12.2,63
2023-10-20,13.2,16.7,7.1,19.6,63
2023-10-21,14.1,17.3,0.1,24.8,51
2023-10-22,11.6,15.2,0.0,21.3,3
2023-10-23,10.4,15.2,0.0,12.2,3
2023-10-24,11.3,12.9,10.5,12.5,61
2023-10-25,10.6,15.0,8.8,24.2,61
2023-10-26,11.0,13.6,2.1,25.3,53
2023-10-27,10.4,13.3,4.1,25.6,53
2023-10-28,10.4,13.5,7.4,22.4,61
2023-10-29,12.5,16.0,8.7,20.9,63
2023-10-30,12.8,17.7,5.2,15.6,61
2023-10-31,10.7,12.9,3.7,25.9,61
2023-11-01,11.8,15.5,1.0,17.2,53
2023-11-02,9.5,12.1,2.0,23.8,53
2023-11-03,7.2,9.4,0.1,21.9,51
2023-11-04,7.4,10.8,5.7,24.4,63
2023-11-05,9.4,11.1,10.4,29.4,61
2023-11-06,9.3,12.1,5.1,25.5,61
2023-11-07,7.3,9.4,0.9,20.7,51
2023-11-08,7.2,10.4,0.0,25.1,3
2023-11-09,7.6,11.1,0.5,20.9,51
2023-11-10,7.2,9.1,3.8,19.4,55
2023-11-11,5.6,7.4,4.3,27.2,55
2023-11-12,4.3,8.2,0.3,13.1,51
2023-11-13,8.7,13.6,18.3,33.0,63
2023-11-14,10.4,13.0,5.9,29.9,61
2023-11-15,9.0,10.9,2.9,29.5,53
2023-11-16,6.7,8.8,5.5,16.6,53
2023-11-17,5.3,7.1,1.6,14.1,53
2023-11-18,3.6,7.2,2.8,13.2,55
2023-11-19,9.8,13.3,5.8,25.3,61
2023-11-20,9.2,10.2,3.1,23.2,53
2023-11-21,7.3,9.1,1.3,16.0,51
2023-11-22,1.2,3.5,0.1,13.9,51
2023-11-23,2.8,6.4,0.4,26.1,51
2023-11-24,4.9,7.9,6.9,29.5,73
2023-11-25,1.5,3.7,2.6,28.8,73
2023-11-26,1.4,3.9,0.3,17.7,51
2023-11-27,1.9,2.8,12.2,17.2,75
2023-11-28,0.3,1.3,7.1,19.6,73
2023-11-29,-0.9,2.1,1.0,26.1,73
2023-11-30,0.7,3.2,1.5,7.5,73
2023-12-01,-0.5,1.8,2.4,13.0,73
2023-12-02,-2.6,-1.5,0.6,13.5,71
2023-12-03,-3.2,-0.1,0.0,14.6,3
2023-12-04,-3.6,-1.6,2.0,12.7,73
2023-12-05,2.1,4.8,5.1,15.8,73
2023-12-06,1.4,2.3,2.2,15.9,53
2023-12-07,0.3,2.5,0.0,11.6,3
2023-12-08,0.3,3.2,2.5,13.9,71
2023-12-09,4.5,7.1,7.9,20.6,63
2023-12-10,7.4,9.1,3.8,31.3,61
2023-12-11,8.7,10.9,1.3,27.4,51
2023-12-12,6.6,8.4,3.5,17.5,61
2023-12-13,6.7,9.0,2.8,18.2,55
2023-12-14,3.7,5.9,0.2,13.4,51
2023-12-15,2.7,5.3,0.0,13.6,3
2023-12-16,3.2,6.7,0.0,13.5,3
2023-12-17,2.4,5.8,0.0,10.0,3
2023-12-18,2.1,6.8,0.0,12.1,3
2023-12-19,2.2,3.9,0.9,20.7,51
2023-12-20,4.2,5.2,7.8,25.9,61
2023-12-21,6.3,8.4,10.5,34.9,55
2023-12-22,5.3,7.0,8.0,32.5,71
2023-12-23,6.3,7.3,9.1,31.8,53
2023-12-24,7.6,8.4,4.6,28.4,53
2023-12-25,8.0,8.3,5.5,27.9,53
2023-12-26,7.7,9.1,0.4,23.2,51
2023-12-27,5.6,9.6,0.0,11.4,3
2023-12-28,7.6,10.1,0.5,21.0,51
2023-12-29,8.7,10.4,0.1,32.8,51
2023-12-30,7.4,9.5,0.3,25.1,51
2023-12-31,5.2,9.5,1.6,20.2,55
2024-01-01,5.4,7.5,2.3,30.9,61
2024-01-02,6.7,9.0,21.1,35.7,61
2024-01-03,8.4,9.8,10.0,37.6,61
2024-01-04,6.5,7.6,5.2,30.7,55
2024-01-05,5.3,8.5,0.0,15.0,3
2024-01-06,2.9,5.9,0.0,8.5,3
2024-01-07,0.1,3.0,0.2,20.4,51
2024-01-08,-4.1,-2.0,0.1,21.1,71
2024-01-09,-5.0,-0.4,0.0,17.3,0
2024-01-10,-4.3,-0.3,0.0,11.7,3
2024-01-11,-4.4,0.9,0.0,8.7,1
2024-01-12,-3.0,-0.5,0.0,8.6,3
2024-01-13,-1.8,-0.7,0.0,17.5,3
2024-01-14,-2.1,0.7,0.0,17.9,3
2024-01-15,-1.6,0.3,2.2,23.4,73
2024-01-16,-1.8,0.4,0.0,20.5,3
2024-01-17,-1.8,6.3,9.1,17.0,73
2024-01-18,-0.1,5.2,8.4,14.6,73
2024-01-19,-2.5,-0.8,0.0,12.6,3
2024-01-20,-4.9,-2.0,0.0,10.3,3
2024-01-21,-4.3,3.3,0.0,15.8,3
2024-01-22,5.2,9.8,2.9,30.9,55
2024-01-23,4.8,6.8,1.2,26.0,51
2024-01-24,8.9,11.7,1.6,42.0,53
2024-01-25,5.5,8.1,0.2,20.2,51
2024-01-26,6.9,9.8,2.7,29.7,53
2024-01-27,2.0,6.4,0.0,15.5,1
2024-01-28,0.2,7.5,0.0,10.8,3
2024-01-29,0.7,7.7,0.0,10.1,3
2024-01-30,2.5,9.0,0.3,11.0,51
2024-01-31,5.5,8.2,0.7,15.4,51
2024-02-01,5.9,8.6,2.8,20.0,55
2024-02-02,4.1,8.6,0.3,20.9,51
2024-02-03,6.9,7.8,0.3,22.5,51
2024-02-04,7.6,8.4,2.4,28.8,55
2024-02-05,7.6,10.0,0.4,29.2,51
2024-02-06,6.1,7.4,0.0,28.8,3
2024-02-07,6.9,8.9,17.7,30.3,63
2024-02-08,7.8,10.2,11.1,22.9,55
2024-02-09,10.1,13.3,11.3,21.0,61
2024-02-10,9.2,12.0,1.4,12.4,53
2024-02-11,6.8,8.4,4.0,22.3,53
2024-02-12,6.4,8.3,2.9,18.4,53
2024-02-13,4.1,8.2,0.6,16.0,51
2024-02-14,6.6,10.2,0.3,20.5,51
2024-02-15,10.1,14.8,0.8,12.5,51
2024-02-16,10.3,16.0,3.8,15.1,61
2024-02-17,9.5,12.5,2.6,14.5,53
2024-02-18,7.3,11.8,2.1,21.2,55
2024-02-19,8.1,10.0,2.0,24.6,53
2024-02-20,6.8,9.1,0.5,19.1,51
2024-02-21,7.2,10.3,0.1,18.5,51
2024-02-22,9.0,11.1,13.9,27.3,61
2024-02-23,5.6,9.8,0.4,29.1,51
2024-02-24,3.3,7.8,1.4,20.6,53
2024-02-25,3.6,8.8,0.4,14.7,51
2024-02-26,5.8,9.7,0.0,10.5,3
2024-02-27,6.7,9.9,0.0,17.9,3
2024-02-28,5.4,9.6,0.0,9.8,3
2024-02-29,4.0,10.2,0.0,12.0,3
2024-03-01,4.5,10.0,1.3,13.0,53
2024-03-02,7.0,12.9,0.1,12.8,51
2024-03-03,8.0,15.3,0.0,11.7,3
2024-03-04,6.8,11.0,0.0,13.6,3
2024-03-05,7.1,9.0,3.1,12.3,53
2024-03-06,6.5,10.3,0.7,13.3,51
2024-03-07,3.6,7.4,0.0,14.8,3
2024-03-08,4.3,10.2,0.0,21.4,3
2024-03-09,5.2,12.5,0.0,11.6,3
2024-03-10,8.4,14.5,0.7,15.1,53
2024-03-11,8.0,12.6,1.9,24.2,53
2024-03-12,6.1,10.0,1.1,16.3,51
2024-03-13,7.7,10.6,2.5,10.0,53
2024-03-14,10.5,16.0,0.1,9.8,51
2024-03-15,11.1,15.2,0.2,22.3,51
2024-03-16,9.3,13.0,3.9,21.7,61
2024-03-17,6.6,11.9,0.0,10.1,3
2024-03-18,6.6,11.5,3.6,9.7,61
2024-03-19,8.6,13.7,0.4,7.9,51
2024-03-20,9.4,17.1,0.0,10.4,3
2024-03-21,9.5,14.8,1.3,20.6,53
2024-03-22,9.8,16.3,0.0,13.0,3
2024-03-23,7.3,10.0,3.3,25.5,61
2024-03-24,3.8,6.6,4.4,28.7,75
2024-03-25,5.4,10.1,0.2,19.6,51
2024-03-26,6.8,14.5,0.0,12.9,3
2024-03-27,8.3,16.5,4.8,20.2,61
2024-03-28,7.1,11.0,3.4,26.4,55
2024-03-29,8.6,13.2,3.2,17.1,53
2024-03-30,12.9,22.0,0.0,18.7,3
2024-03-31,11.8,18.3,2.1,25.6,61
2024-04-01,8.9,10.1,6.0,28.1,61
2024-04-02,9.1,12.4,0.5,29.4,51
2024-04-03,9.4,11.5,3.7,19.2,55
2024-04-04,10.7,13.2,7.3,27.0,61
2024-04-05,14.7,22.0,0.3,21.9,51
2024-04-06,17.1,24.5,0.1,11.4,51
2024-04-07,17.1,22.9,0.0,13.0,3
2024-04-08,18.9,26.0,0.0,13.7,3
2024-04-09,13.1,17.5,0.6,26.0,51
2024-04-10,9.5,13.0,0.1,16.1,51
2024-04-11,9.7,16.8,0.0,8.7,3
2024-04-12,12.2,19.5,0.0,12.0,3
2024-04-13,15.1,21.7,0.0,13.3,3
2024-04-14,16.5,20.8,0.0,19.2,3
2024-04-15,11.7,15.8,3.2,34.0,61
2024-04-16,5.9,9.3,7.8,37.9,61
2024-04-17,6.0,10.0,1.4,14.8,53
2024-04-18,5.2,9.6,1.8,18.9,71
2024-04-19,4.9,6.6,9.9,29.2,61
2024-04-20,5.6,9.3,1.4,21.0,51
2024-04-21,3.6,5.4,6.3,18.0,53
2024-04-22,3.4,7.8,1.0,13.9,71
2024-04-23,4.3,10.1,0.0,12.3,3
2024-04-24,3.9,7.2,5.3,17.6,75
2024-04-25,4.8,8.3,1.4,17.8,71
2024-04-26,7.5,13.6,0.2,17.4,51
2024-04-27,11.0,19.1,0.1,13.5,51
2024-04-28,13.0,19.3,0.0,16.4,3
2024-04-29,13.8,19.9,0.0,10.0,3
2024-04-30,17.1,25.6,0.0,10.6,3
2024-05-01,17.7,24.5,0.0,15.3,3
2024-05-02,16.5,22.4,1.4,16.3,53
2024-05-03,11.9,13.8,0.2,22.4,51
2024-05-04,12.2,16.9,0.0,13.3,3
2024-05-05,13.6,16.1,11.6,17.8,63
2024-05-06,13.3,18.2,5.1,17.2,61
2024-05-07,12.1,14.3,1.5,16.6,53
2024-05-08,11.6,14.3,0.0,13.8,3
2024-05-09,12.5,17.8,0.0,10.1,3
2024-05-10,14.6,20.0,0.0,10.4,3
2024-05-11,15.1,21.9,0.0,9.4,3
2024-05-12,16.4,22.3,0.0,12.4,1
2024-05-13,17.2,23.2,0.1,12.1,51
2024-05-14,17.6,23.7,0.0,16.3,1
2024-05-15,17.4,22.5,0.0,13.0,3
2024-05-16,15.8,19.7,2.2,13.8,53
2024-05-17,13.7,16.6,3.1,12.4,53
2024-05-18,13.7,17.9,0.3,13.9,51
2024-05-19,14.2,17.9,5.8,16.9,63
2024-05-20,15.2,21.1,0.9,9.2,51
2024-05-21,15.7,19.1,6.1,16.9,55
2024-05-22,15.2,18.7,1.4,20.1,51
2024-05-23,15.4,20.3,1.0,13.6,51
2024-05-24,14.5,18.6,13.9,7.7,63
2024-05-25,15.2,19.8,0.7,9.2,51
2024-05-26,16.8,22.5,0.1,11.6,51
2024-05-27,16.4,21.1,7.4,11.9,63
2024-05-28,14.4,17.5,0.1,16.2,51
2024-05-29,15.0,17.9,2.5,18.2,55
2024-05-30,14.7,18.4,14.8,14.0,63
2024-05-31,13.5,16.9,16.2,13.2,63
2024-06-01,14.7,17.6,15.2,18.7,61
2024-06-02,16.9,20.5,6.8,13.2,63
2024-06-03,14.8,19.0,0.1,12.5,51
2024-06-04,14.9,20.4,0.0,9.6,3
2024-06-05,16.2,19.5,1.1,19.9,51
2024-06-06,16.5,21.4,1.3,14.8,53
2024-06-07,16.2,20.9,0.0,13.8,3
2024-06-08,17.3,23.5,0.0,13.4,3
2024-06-09,16.5,21.5,0.0,14.1,3
2024-06-10,15.1,19.5,0.1,21.8,51
2024-06-11,12.3,16.5,0.2,18.0,51
2024-06-12,12.7,17.5,0.2,11.5,51
2024-06-13,13.5,17.6,0.2,12.6,51
2024-06-14,14.1,18.7,1.7,16.7,53
2024-06-15,16.4,19.7,6.5,24.5,61
2024-06-16,16.2,20.9,0.2,17.3,51
2024-06-17,17.4,21.2,4.7,17.1,61
2024-06-18,20.0,27.5,0.1,10.9,51
2024-06-19,19.0,23.3,6.4,13.3,63
2024-06-20,18.7,24.8,0.1,12.0,51
2024-06-21,20.6,24.6,8.9,19.0,63
2024-06-22,17.3,22.1,1.3,18.8,51
2024-06-23,18.1,23.4,0.5,10.1,51
2024-06-24,19.6,24.0,0.0,14.3,3
2024-06-25,20.9,26.4,0.0,15.8,0
2024-06-26,21.9,28.2,6.5,11.5,63
2024-06-27,22.6,28.3,0.9,13.1,51
2024-06-28,22.3,25.9,4.5,17.5,61
2024-06-29,23.6,31.1,0.0,21.0,3
2024-06-30,19.7,23.2,21.4,27.2,63
2024-07-01,16.8,19.8,3.8,22.5,61
2024-07-02,15.0,19.0,2.2,18.8,53
2024-07-03,14.0,17.7,9.5,13.7,61
2024-07-04,15.1,19.7,4.4,23.9,61
2024-07-05,17.0,22.1,0.0,21.3,3
2024-07-06,18.4,26.6,6.9,22.3,61
2024-07-07,16.6,21.0,0.0,15.2,3
2024-07-08,18.7,25.2,0.0,7.8,3
2024-07-09,22.8,29.6,0.0,9.7,3
2024-07-10,22.4,26.7,4.2,13.4,61
2024-07-11,21.0,25.6,10.8,11.2,63
2024-07-12,20.6,26.3,11.2,17.0,63
2024-07-13,17.2,21.0,2.2,14.7,53
2024-07-14,18.4,24.4,0.1,12.9,51
2024-07-15,22.0,29.4,1.7,18.7,61
2024-07-16,20.9,24.3,6.5,22.1,63
2024-07-17,19.4,23.8,0.0,14.6,3
2024-07-18,20.3,26.1,0.0,8.8,3
2024-07-19,22.1,28.4,0.0,9.7,3
2024-07-20,23.0,28.9,0.0,8.4,3
2024-07-21,22.1,27.2,7.3,16.2,63
2024-07-22,21.3,25.2,2.0,14.1,53
2024-07-23,20.0,24.3,2.2,19.3,55
2024-07-24,18.6,22.4,2.3,15.8,55
2024-07-25,19.1,24.5,0.0,8.4,3
2024-07-26,20.3,25.3,0.4,15.0,51
2024-07-27,20.8,25.8,18.0,13.1,63
2024-07-28,19.4,22.6,3.3,14.8,61
2024-07-29,19.4,25.4,0.0,9.1,3
2024-07-30,21.5,29.0,0.0,9.1,3
2024-07-31,23.5,31.6,0.0,12.3,3
2024-08-01,21.6,26.4,18.5,13.2,65
2024-08-02,20.9,24.5,4.1,20.0,63
2024-08-03,20.2,26.1,1.6,15.6,53
2024-08-04,19.3,23.2,2.1,19.1,53
2024-08-05,19.7,24.2,0.0,8.2,3
2024-08-06,20.9,27.6,0.0,9.1,3
2024-08-07,21.3,28.1,4.5,20.4,63
2024-08-08,19.4,22.8,0.3,13.7,51
2024-08-09,20.6,25.8,0.0,17.8,3
2024-08-10,22.4,27.4,0.1,16.8,51
2024-08-11,22.0,28.9,0.0,12.0,3
2024-08-12,24.0,30.8,0.0,11.6,3
2024-08-13,25.6,32.0,0.1,13.3,51
2024-08-14,24.2,29.7,0.0,10.5,3
2024-08-15,22.8,27.4,0.0,12.3,3
2024-08-16,23.5,28.9,0.0,16.4,3
2024-08-17,23.0,27.4,0.2,12.1,51
2024-08-18,20.1,24.7,10.9,16.9,61
2024-08-19,18.7,22.9,1.9,13.8,53
2024-08-20,19.4,23.5,0.0,9.9,3
2024-08-21,18.7,21.5,0.2,17.7,51
2024-08-22,17.0,23.4,0.0,10.0,3
2024-08-23,19.9,27.3,0.0,19.1,3
2024-08-24,23.7,31.8,0.6,16.2,53
2024-08-25,19.0,21.9,4.3,24.8,61
2024-08-26,16.3,22.5,0.0,8.1,3
2024-08-27,18.3,26.4,0.0,13.3,2
2024-08-28,21.2,29.7,0.0,8.5,0
2024-08-29,23.2,30.9,0.0,8.9,2
2024-08-30,23.8,31.0,0.0,16.9,3
2024-08-31,23.1,28.6,0.0,17.1,3
2024-09-01,23.5,30.2,0.0,15.1,3
2024-09-02,22.2,27.6,1.5,8.7,53
2024-09-03,21.9,28.6,4.7,10.8,61
2024-09-04,21.4,27.1,0.0,9.4,3
2024-09-05,23.6,30.6,0.1,21.3,51
2024-09-06,20.9,25.2,0.2,14.6,51
2024-09-07,21.7,28.3,0.0,8.9,3
2024-09-08,19.5,25.0,20.9,14.6,63
2024-09-09,16.0,19.0,7.4,21.1,61
2024-09-10,15.3,18.5,2.2,19.0,61
2024-09-11,12.9,14.6,4.6,25.5,53
2024-09-12,10.1,13.8,0.6,14.5,51
2024-09-13,10.2,13.9,0.4,20.4,51
2024-09-14,11.5,14.8,0.0,22.0,3
2024-09-15,11.4,16.5,0.1,17.4,51
2024-09-16,12.4,14.6,4.8,14.8,61
2024-09-17,16.2,20.2,1.1,24.0,53
2024-09-18,18.0,23.1,0.0,24.1,2
2024-09-19,17.1,21.3,0.6,23.5,51
2024-09-20,16.6,22.4,0.0,16.5,1
2024-09-21,15.9,22.2,0.0,9.6,0
2024-09-22,15.9,22.6,0.0,10.0,3
2024-09-23,15.9,20.9,4.0,9.7,61
2024-09-24,15.1,17.8,5.2,22.2,61
2024-09-25,15.4,18.5,2.6,21.2,61
2024-09-26,15.3,18.1,18.2,27.4,63
2024-09-27,13.9,16.8,1.2,29.6,51
2024-09-28,11.3,13.8,1.2,19.3,51
2024-09-29,9.0,13.0,0.0,12.9,3
2024-09-30,10.5,14.3,7.3,14.1,61
2024-10-01,13.2,16.6,1.1,20.2,53
2024-10-02,10.8,14.4,13.1,12.1,63
2024-10-03,9.8,12.6,0.7,16.3,51
2024-10-04,10.6,13.3,0.3,20.5,51
2024-10-05,9.7,12.3,0.7,12.0,51
2024-10-06,8.5,14.8,0.0,12.5,3
2024-10-07,13.6,18.7,9.6,13.5,63
2024-10-08,14.8,17.6,11.6,12.0,61
2024-10-09,14.6,19.2,0.6,17.3,51
2024-10-10,14.4,18.5,5.8,39.2,61
2024-10-11,9.6,11.9,5.7,13.0,61
2024-10-12,8.2,13.8,4.3,13.6,63
2024-10-13,10.9,13.1,6.6,27.2,61
2024-10-14,7.4,10.9,7.3,8.4,63
2024-10-15,9.0,12.9,0.0,12.4,3
2024-10-16,12.1,16.5,0.0,15.2,3
2024-10-17,12.8,18.3,0.0,11.0,3
2024-10-18,12.2,15.5,2.8,10.0,61
2024-10-19,13.9,17.4,0.3,12.4,51
2024-10-20,13.2,18.5,0.0,8.9,3
2024-10-21,14.5,19.3,0.4,10.4,51
2024-10-22,13.3,16.4,0.2,17.8,51
2024-10-23,8.6,13.8,0.0,9.4,2
2024-10-24,10.0,13.9,0.1,12.6,51
2024-10-25,10.7,16.8,0.0,9.8,3
2024-10-26,9.7,15.3,0.0,10.9,3
2024-10-27,10.9,15.8,0.0,11.8,3
2024-10-28,10.9,17.8,0.0,11.5,3
2024-10-29,11.4,15.9,0.5,10.8,51
2024-10-30,9.6,13.3,0.0,6.2,3
2024-10-31,9.4,12.8,0.0,5.0,3
2024-11-01,9.7,11.7,0.0,10.0,3
2024-11-02,8.7,11.3,0.1,10.9,51
2024-11-03,7.3,12.1,0.0,9.8,3
2024-11-04,4.4,9.9,0.0,10.6,3
2024-11-05,3.2,8.5,0.0,12.7,3
2024-11-06,4.4,7.7,0.0,5.8,3
2024-11-07,4.9,7.6,0.0,10.3,3
2024-11-08,5.4,8.3,0.0,12.8,3
2024-11-09,4.2,9.3,0.0,8.7,3
2024-11-10,3.0,7.3,0.0,5.8,3
2024-11-11,4.8,6.9,3.5,10.2,55
2024-11-12,5.8,8.5,0.0,14.6,3
2024-11-13,4.3,6.4,1.4,11.1,53
2024-11-14,4.9,6.3,1.7,13.9,51
2024-11-15,6.3,8.7,0.3,9.6,51
2024-11-16,3.5,8.0,0.0,11.6,3
2024-11-17,3.7,5.1,2.7,21.5,53
2024-11-18,4.2,5.2,10.9,27.6,73
2024-11-19,7.6,10.7,15.5,34.5,61
2024-11-20,2.3,4.5,5.5,26.3,73
2024-11-21,0.2,1.8,1.5,21.4,73
2024-11-22,-0.4,1.8,0.6,26.7,73
2024-11-23,2.1,4.1,0.1,25.4,71
2024-11-24,9.2,14.4,0.0,19.6,3
2024-11-25,10.2,15.7,0.0,17.8,3
2024-11-26,8.4,11.8,4.7,17.9,53
2024-11-27,6.6,10.7,0.5,24.9,51
2024-11-28,6.5,10.6,0.6,28.5,51
2024-11-29,2.9,5.3,0.0,13.2,3
2024-11-30,-0.5,4.5,0.0,8.9,3
2024-12-01,-2.3,2.3,0.0,8.0,3
2024-12-02,0.7,5.3,1.5,8.6,53
2024-12-03,3.3,5.3,2.1,16.7,53
2024-12-04,0.0,2.7,0.0,11.4,3
2024-12-05,0.5,4.0,0.5,13.9,71
2024-12-06,5.5,7.3,10.3,35.3,61
2024-12-07,4.1,5.7,8.2,22.5,61
2024-12-08,3.0,5.5,0.0,14.9,3
2024-12-09,3.1,4.5,0.0,19.7,3
2024-12-10,2.4,3.1,0.5,19.3,51
2024-12-11,1.0,1.8,0.0,12.2,3
2024-12-12,-0.5,1.8,0.0,5.0,3
2024-12-13,-1.4,1.6,0.0,12.9,3
2024-12-14,-0.5,2.3,0.0,18.2,3
2024-12-15,2.7,4.6,0.8,24.2,71
2024-12-16,6.6,7.9,0.1,24.0,51
2024-12-17,6.0,7.6,2.7,19.0,61
2024-12-18,6.8,10.5,0.7,20.8,53
2024-12-19,9.1,11.6,5.2,29.3,53
2024-12-20,2.9,4.7,0.0,20.5,3
2024-12-21,3.5,5.4,1.0,29.8,51
2024-12-22,4.1,6.3,9.6,31.8,73
2024-12-23,0.7,2.6,0.1,18.0,51
2024-12-24,2.1,4.3,0.0,17.2,3
2024-12-25,2.7,4.8,0.0,8.2,3
2024-12-26,0.3,3.8,0.0,6.9,3
2024-12-27,-2.1,2.4,0.0,4.8,3
2024-12-28,-2.5,2.0,0.0,2.7,0
2024-12-29,-2.3,1.3,0.0,11.5,3
2024-12-30,-1.2,0.5,0.0,9.4,3
2024-12-31,-1.3,1.9,0.0,13.9,3
2025-01-01,2.7,6.2,0.0,25.5,3
2025-01-02,3.3,7.8,14.6,32.4,75
2025-01-03,0.1,1.1,0.0,23.3,3
2025-01-04,-1.0,0.8,0.0,18.0,3
2025-01-05,2.3,7.5,14.0,21.3,75
2025-01-06,8.5,13.6,0.0,30.5,3
2025-01-07,4.6,6.8,0.3,29.5,51
2025-01-08,1.7,3.0,8.6,20.6,75
2025-01-09,6.1,10.0,7.7,33.5,61
2025-01-10,0.2,2.5,0.0,22.0,3
2025-01-11,-0.2,2.4,0.0,16.0,3
2025-01-12,-1.0,2.1,0.0,15.0,3
2025-01-13,-3.7,0.2,0.0,9.5,3
2025-01-14,-3.1,1.0,0.0,7.5,3
2025-01-15,1.3,3.5,0.4,12.6,51
2025-01-16,1.0,4.8,0.0,10.3,3
2025-01-17,-2.0,0.8,0.0,6.0,3
2025-01-18,-0.8,4.1,0.0,8.7,2
2025-01-19,-0.2,6.4,0.0,8.1,0
2025-01-20,-1.8,3.2,0.0,6.3,3
2025-01-21,-2.6,3.0,0.0,3.7,3
2025-01-22,-0.7,4.8,0.0,10.0,3
2025-01-23,3.5,5.7,2.9,24.5,53
2025-01-24,5.7,9.5,1.8,19.6,71
2025-01-25,8.4,13.7,0.0,15.5,3
2025-01-26,5.2,7.7,1.8,26.3,55
2025-01-27,8.1,11.7,4.0,24.7,61
2025-01-28,5.9,7.8,0.5,14.9,51
2025-01-29,5.7,8.7,2.4,25.1,53
2025-01-30,4.4,8.8,2.5,14.1,61
2025-01-31,2.1,5.4,0.4,15.9,51
2025-02-01,-0.8,4.2,0.0,11.8,0
2025-02-02,-1.9,3.4,0.0,7.9,3
2025-02-03,-2.7,3.0,0.0,4.4,3
2025-02-04,-3.0,1.0,0.0,4.7,3
2025-02-05,-2.3,2.5,0.0,6.8,3
2025-02-06,0.8,3.0,0.0,17.1,3
2025-02-07,2.1,4.3,0.0,23.6,3
2025-02-08,0.5,6.7,0.0,10.5,3
2025-02-09,-0.7,3.1,0.0,7.5,3
2025-02-10,1.3,5.3,0.2,13.9,71
2025-02-11,2.5,5.9,5.8,16.0,61
2025-02-12,3.0,4.8,8.9,10.5,55
2025-02-13,2.0,4.7,2.9,14.1,75
2025-02-14,-0.9,1.6,0.1,12.8,71
2025-02-15,-1.9,0.8,0.0,7.8,3
2025-02-16,-1.3,1.7,0.2,14.8,71
2025-02-17,-3.0,1.7,0.0,9.2,3
2025-02-18,-3.2,2.3,0.0,13.4,1
2025-02-19,-1.8,3.7,0.0,13.5,3
2025-02-20,0.4,6.2,0.0,9.2,3
2025-02-21,5.9,13.4,0.6,12.1,53
2025-02-22,5.7,10.3,0.0,10.3,3
2025-02-23,8.2,13.1,0.0,11.7,3
2025-02-24,6.6,12.5,0.1,12.1,51
2025-02-25,8.5,11.9,5.5,13.9,61
2025-02-26,5.3,7.6,1.4,20.4,51
2025-02-27,2.9,6.9,5.9,13.9,73
2025-02-28,2.1,5.4,4.2,11.0,73
2025-03-01,1.9,6.1,0.1,13.9,51
2025-03-02,1.2,7.0,0.0,9.3,3
2025-03-03,1.7,9.3,0.0,6.4,3
2025-03-04,2.9,10.9,0.0,4.5,3
2025-03-05,3.6,12.2,0.0,3.7,0
2025-03-06,4.9,14.6,0.0,4.7,3
2025-03-07,5.9,15.1,0.0,5.4,3
2025-03-08,5.8,15.0,0.0,7.1,3
2025-03-09,5.9,14.9,0.0,6.9,3
2025-03-10,6.9,16.3,0.0,17.9,3
2025-03-11,8.3,13.2,1.4,12.5,53
2025-03-12,4.8,6.0,7.6,9.8,61
2025-03-13,3.4,6.6,0.5,11.0,51
2025-03-14,3.6,6.2,5.1,13.7,75
2025-03-15,3.9,7.2,0.0,21.7,3
2025-03-16,3.7,9.2,0.0,16.5,0
2025-03-17,1.6,6.4,0.2,20.1,51
2025-03-18,1.1,8.1,0.0,16.0,0
2025-03-19,2.9,11.3,0.0,7.8,0
2025-03-20,5.5,15.0,0.0,6.5,3
2025-03-21,8.5,18.3,0.0,14.2,3
2025-03-22,9.8,15.8,0.0,12.6,3
2025-03-23,9.3,14.5,1.0,11.8,53
2025-03-24,9.6,15.2,4.8,12.2,61
2025-03-25,9.7,15.7,0.1,13.5,51
2025-03-26,7.3,9.6,1.1,12.2,51
2025-03-27,7.2,12.5,0.0,10.6,3
2025-03-28,7.0,14.3,0.0,6.8,3
2025-03-29,8.9,12.9,0.3,18.1,51
2025-03-30,6.5,10.3,1.6,26.2,53
2025-03-31,6.8,9.6,1.0,21.5,51
2025-04-01,6.2,10.8,0.5,22.3,51
2025-04-02,9.2,15.2,0.0,27.8,3
2025-04-03,11.0,18.0,0.0,13.2,2
2025-04-04,11.0,18.8,0.0,8.9,0
2025-04-05,10.6,17.8,0.0,20.8,3
2025-04-06,3.7,7.2,0.0,18.1,3
2025-04-07,3.7,9.5,0.0,10.1,2
2025-04-08,6.0,12.9,0.0,8.5,2
2025-04-09,6.7,13.9,0.0,10.4,3
2025-04-10,6.8,11.2,0.0,10.5,3
2025-04-11,9.5,17.1,0.0,13.2,3
2025-04-12,11.8,19.5,0.0,9.9,3
2025-04-13,13.2,17.3,0.0,21.0,3
2025-04-14,12.3,17.7,0.2,9.8,51
2025-04-15,13.5,20.9,4.9,16.0,63
2025-04-16,14.6,23.8,0.0,22.9,3
2025-04-17,11.5,15.3,3.3,19.3,61
2025-04-18,8.9,11.6,0.3,14.2,51
2025-04-19,10.0,14.4,0.0,8.2,3
2025-04-20,11.1,20.2,6.5,22.3,63
2025-04-21,9.8,17.0,5.1,13.7,63
2025-04-22,11.1,15.8,0.7,12.8,51
2025-04-23,12.0,18.4,0.9,17.1,51
2025-04-24,10.6,13.1,7.1,16.6,53
2025-04-25,9.2,11.7,5.6,16.4,55
2025-04-26,10.9,16.8,0.0,18.5,3
2025-04-27,11.2,16.6,0.0,15.3,3
2025-04-28,12.2,19.2,0.0,10.0,2
2025-04-29,14.1,21.0,0.0,11.3,3
2025-04-30,14.9,22.6,0.0,8.9,1
2025-05-01,16.3,24.0,0.0,7.3,1
2025-05-02,17.8,25.3,0.0,13.2,3
2025-05-03,16.2,20.6,9.3,20.9,63
2025-05-04,11.3,14.2,1.9,14.9,55
2025-05-05,9.5,12.9,0.0,21.1,3
2025-05-06,9.9,15.1,0.0,15.8,3
2025-05-07,10.4,14.4,0.0,16.1,3
2025-05-08,11.1,14.1,0.0,15.9,3
2025-05-09,11.0,16.6,0.0,16.7,3
2025-05-10,12.0,18.9,0.0,8.8,1
2025-05-11,14.6,21.6,0.0,14.5,3
2025-05-12,14.2,19.3,0.0,16.2,2
2025-05-13,14.2,19.8,0.0,14.1,2
2025-05-14,15.4,22.5,0.0,14.2,3
2025-05-15,13.3,16.3,0.0,18.7,3
2025-05-16,11.6,16.1,0.2,16.3,51
2025-05-17,11.8,16.4,0.2,15.2,51
2025-05-18,12.7,17.1,0.3,17.8,51
2025-05-19,12.9,18.6,0.0,10.3,3
2025-05-20,14.8,21.4,0.0,10.8,3
2025-05-21,15.1,19.7,0.7,12.8,53
2025-05-22,12.1,16.4,2.4,20.1,53
2025-05-23,9.2,14.1,0.2,16.9,51
2025-05-24,10.6,16.8,0.0,18.2,3
2025-05-25,13.2,18.0,6.8,22.7,61
2025-05-26,14.6,18.1,1.2,19.7,53
2025-05-27,14.6,18.4,0.3,18.8,51
2025-05-28,14.4,16.8,13.7,24.7,63
2025-05-29,13.8,17.7,0.0,15.3,3
2025-05-30,19.0,24.1,0.0,17.0,3
2025-05-31,20.3,27.9,2.2,10.6,61
2025-06-01,19.0,24.4,1.7,15.4,61
2025-06-02,16.9,21.6,3.2,15.5,61
2025-06-03,17.2,21.6,0.0,13.1,3
2025-06-04,17.3,21.4,5.9,16.7,61
2025-06-05,16.6,19.5,0.6,24.4,51
2025-06-06,16.9,19.6,1.9,28.7,53
2025-06-07,16.5,19.1,1.2,23.3,53
2025-06-08,14.0,17.1,7.7,28.7,63
2025-06-09,12.9,17.7,0.0,14.6,3
2025-06-10,15.7,21.9,0.0,21.5,3
2025-06-11,16.3,20.6,0.0,13.7,3
2025-06-12,19.0,26.4,0.0,12.9,3
2025-06-13,22.1,29.7,0.0,12.9,2
2025-06-14,24.3,32.0,0.1,15.4,51
2025-06-15,21.8,28.6,6.3,18.8,61
2025-06-16,17.8,21.8,0.8,15.1,51
2025-06-17,18.7,24.1,0.0,8.5,3
2025-06-18,21.0,28.0,0.0,14.1,3
2025-06-19,20.9,26.0,0.0,15.5,0
2025-06-20,19.0,24.9,0.0,14.6,2
2025-06-21,20.8,28.0,0.0,11.8,1
2025-06-22,23.6,31.7,0.0,13.3,3
2025-06-23,22.9,27.3,0.0,29.3,3
2025-06-24,20.8,26.5,0.0,20.7,3
2025-06-25,24.8,31.1,0.0,16.3,3
2025-06-26,22.9,28.7,1.9,30.3,61
2025-06-27,20.3,22.4,2.2,22.7,53
2025-06-28,23.1,29.0,0.0,15.3,3
2025-06-29,24.5,31.3,0.0,13.4,1
2025-06-30,25.1,30.8,0.0,12.9,2
2025-07-01,26.0,32.7,0.0,10.2,1
2025-07-02,27.8,34.3,0.0,7.9,1
2025-07-03,23.1,26.6,0.7,15.5,51
2025-07-04,20.6,26.8,0.0,11.3,3
2025-07-05,21.4,28.7,0.0,16.9,3
2025-07-06,20.4,23.5,0.5,16.9,51
2025-07-07,17.2,21.3,4.8,21.3,63
2025-07-08,15.4,18.5,1.0,16.1,51
2025-07-09,15.4,20.0,2.2,16.0,53
2025-07-10,18.5,24.1,0.0,14.8,3
2025-07-11,18.7,23.5,0.7,16.5,51
2025-07-12,19.3,23.4,0.0,13.9,3
2025-07-13,20.5,25.5,0.0,15.0,3
2025-07-14,19.1,24.3,12.2,18.5,65
2025-07-15,19.3,23.2,2.6,15.8,55
2025-07-16,16.9,21.0,8.2,22.0,63
2025-07-17,17.3,21.5,0.8,15.5,51
2025-07-18,19.3,24.7,0.0,9.9,3
2025-07-19,21.8,29.2,0.0,15.1,3
2025-07-20,22.5,29.7,3.2,20.9,61
2025-07-21,18.7,21.9,6.2,14.5,63
2025-07-22,16.9,21.2,17.9,22.8,63
2025-07-23,18.7,22.8,0.0,15.2,3
2025-07-24,18.4,24.0,1.4,12.9,51
2025-07-25,19.0,24.3,3.8,12.1,61
2025-07-26,18.1,21.8,8.6,10.9,63
2025-07-27,17.5,23.2,6.1,17.6,63
2025-07-28,16.8,20.3,8.7,18.4,63
2025-07-29,16.3,20.8,1.7,19.4,55
2025-07-30,16.0,19.7,8.9,14.9,61
2025-07-31,16.8,20.7,0.9,17.3,51
2025-08-01,17.1,21.4,6.3,14.9,63
2025-08-02,16.3,20.1,0.3,13.6,51
2025-08-03,14.9,16.7,1.4,16.9,51
2025-08-04,16.4,20.7,4.1,15.9,61
2025-08-05,18.9,23.2,1.1,16.8,53
2025-08-06,16.3,20.9,0.0,12.6,3
2025-08-07,17.6,24.7,0.4,10.7,51
2025-08-08,21.2,28.9,0.0,9.3,1
2025-08-09,22.5,31.3,0.0,8.8,3
2025-08-10,21.6,26.2,0.0,14.3,0
2025-08-11,20.2,26.7,0.0,11.2,0
2025-08-12,21.4,29.3,0.0,9.7,0
2025-08-13,23.7,31.5,0.0,6.9,1
2025-08-14,25.3,32.7,0.0,7.7,3
2025-08-15,25.7,33.4,0.0,11.4,3
2025-08-16,22.8,28.5,6.7,16.2,63
2025-08-17,18.6,24.0,0.0,19.3,3
2025-08-18,18.1,24.3,0.0,10.6,3
2025-08-19,19.9,26.7,0.0,12.8,0
2025-08-20,21.2,28.4,0.0,15.8,3
2025-08-21,20.7,25.6,0.0,18.5,3
2025-08-22,16.9,21.2,0.0,15.9,3
2025-08-23,14.5,17.9,1.3,18.6,53
2025-08-24,14.5,20.1,0.0,11.7,3
2025-08-25,15.1,22.2,0.0,6.2,3
2025-08-26,17.1,25.8,0.0,8.5,3
2025-08-27,21.0,27.1,10.1,20.1,63
2025-08-28,18.5,21.5,23.7,10.2,65
2025-08-29,18.1,22.7,6.2,12.8,63
2025-08-30,16.6,20.9,0.2,14.0,51
2025-08-31,17.5,23.5,0.0,9.5,3
2025-09-01,17.2,20.7,4.2,12.6,63
2025-09-02,16.8,20.8,2.4,13.8,53
2025-09-03,17.7,22.5,0.0,21.3,3
2025-09-04,18.6,25.0,10.0,18.2,63
2025-09-05,16.0,18.6,3.3,15.9,61
2025-09-06,15.1,21.6,0.0,9.2,3
2025-09-07,16.2,22.7,0.0,13.8,3
2025-09-08,15.4,22.1,0.0,7.5,3
2025-09-09,15.1,19.5,6.1,10.3,63
2025-09-10,12.8,15.2,4.9,6.2,61
2025-09-11,14.1,19.0,0.8,25.0,51
2025-09-12,14.2,18.1,1.1,19.5,53
2025-09-13,14.7,20.5,0.0,16.2,3
2025-09-14,14.4,18.0,6.6,15.2,61
2025-09-15,18.1,22.0,2.8,27.9,53
2025-09-16,14.5,16.9,0.2,29.2,51
2025-09-17,13.5,17.0,0.5,17.1,51
2025-09-18,17.3,23.7,0.0,14.2,2
2025-09-19,18.0,26.1,0.0,9.1,2
2025-09-20,19.2,28.5,0.0,12.9,3
2025-09-21,17.4,21.6,12.3,15.8,63
2025-09-22,10.8,13.0,23.2,20.0,63
2025-09-23,11.8,15.1,0.1,23.4,51
2025-09-24,10.7,12.2,15.2,20.5,61
2025-09-25,9.9,11.9,14.3,19.4,63
2025-09-26,10.2,14.4,1.0,15.3,51
2025-09-27,11.8,14.9,2.0,9.2,53
2025-09-28,11.9,16.0,0.2,7.9,51
2025-09-29,11.9,16.5,0.3,6.3,51
2025-09-30,11.7,14.4,0.4,10.5,51
2025-10-01,8.9,13.3,0.0,11.9,3
2025-10-02,7.5,13.4,0.0,9.9,3
2025-10-03,7.6,13.8,0.0,12.2,3
2025-10-04,11.0,17.0,4.9,29.9,61
2025-10-05,10.1,12.4,0.8,26.4,51
2025-10-06,10.1,11.9,0.8,22.1,51
2025-10-07,12.1,14.5,0.0,13.9,3
2025-10-08,13.0,16.4,0.1,6.5,51
2025-10-09,13.2,16.3,0.7,11.2,51
2025-10-10,11.1,14.4,0.1,12.6,51
2025-10-11,12.7,15.7,0.2,9.4,51
2025-10-12,11.8,14.2,0.5,8.5,51
2025-10-13,11.8,14.9,0.0,8.3,3
2025-10-14,10.4,14.7,0.0,8.6,3
2025-10-15,10.8,14.1,0.0,8.4,3
2025-10-16,9.1,12.6,0.2,7.0,51
2025-10-17,10.6,13.9,0.2,8.9,51
2025-10-18,8.4,11.5,0.0,10.3,3
2025-10-19,6.1,10.9,0.0,11.4,3
2025-10-20,9.7,13.1,1.9,13.5,53
2025-10-21,12.4,15.3,0.2,23.1,51
2025-10-22,12.6,15.1,9.3,13.2,63
2025-10-23,12.5,14.0,22.4,31.6,63
2025-10-24,7.9,9.8,4.4,30.1,61
2025-10-25,8.6,11.5,2.7,32.2,53
2025-10-26,6.8,8.8,1.5,34.9,51
2025-10-27,6.7,9.6,14.9,30.8,71
2025-10-28,9.2,12.3,1.3,31.2,53
2025-10-29,11.3,14.8,0.0,22.4,3
2025-10-30,10.0,12.5,3.8,27.9,61
2025-10-31,6.2,12.2,0.0,7.2,3
2025-11-01,9.0,14.4,0.8,13.0,51
2025-11-02,10.4,12.7,5.7,17.7,61
2025-11-03,7.9,10.8,0.2,18.5,51
2025-11-04,9.0,14.5,0.0,11.2,3
2025-11-05,5.6,11.5,0.0,8.7,3
2025-11-06,3.4,6.6,0.0,9.0,3
2025-11-07,3.3,4.9,0.0,6.5,3
2025-11-08,3.6,4.8,0.6,6.0,51
2025-11-09,6.6,8.8,2.5,8.7,53
2025-11-10,7.7,10.7,0.1,8.9,51
2025-11-11,7.8,12.3,0.0,15.6,3
2025-11-12,6.0,11.1,0.0,9.6,3
2025-11-13,7.7,15.1,0.0,10.3,3
2025-11-14,8.0,13.5,0.0,6.9,3
2025-11-15,8.9,11.9,0.1,8.6,51
2025-11-16,8.2,12.3,0.3,12.1,51
2025-11-17,4.6,7.4,5.2,19.1,71
2025-11-18,0.2,3.5,0.0,11.7,3
2025-11-19,1.5,4.6,1.5,16.7,73
2025-11-20,1.3,3.2,0.4,20.6,51
2025-11-21,-2.5,1.2,0.0,11.7,3
2025-11-22,-5.3,-1.6,0.0,5.9,3
2025-11-23,-4.4,1.3,1.0,13.8,73
2025-11-24,1.1,3.7,5.2,10.6,75
2025-11-25,1.2,4.0,0.2,7.3,51
2025-11-26,1.3,3.6,0.7,13.3,71
2025-11-27,1.0,3.6,0.1,15.5,51
2025-11-28,3.2,5.0,1.7,11.3,53
2025-11-29,5.6,8.1,3.3,11.3,61
2025-11-30,4.3,6.1,2.4,12.1,53
2025-12-01,1.7,4.9,0.0,12.8,3
2025-12-02,1.6,5.9,0.0,11.1,3
2025-12-03,0.3,1.4,0.0,9.5,3
2025-12-04,0.6,2.1,0.0,10.7,3
2025-12-05,1.3,3.4,0.0,6.7,3
2025-12-06,3.5,6.2,6.6,14.8,63
2025-12-07,7.4,9.4,5.4,17.1,61
2025-12-08,12.0,13.5,8.0,24.6,63
2025-12-09,9.7,13.6,0.0,15.0,3
2025-12-10,7.7,9.9,0.7,13.7,51
2025-12-11,7.9,10.3,0.4,11.4,51
2025-12-12,5.8,8.7,0.0,10.9,3
2025-12-13,3.6,4.7,0.0,6.8,3
2025-12-14,5.2,6.5,0.0,9.4,3
2025-12-15,2.7,4.9,0.0,10.2,3
2025-12-16,0.2,2.9,0.0,12.2,3
2025-12-17,0.3,4.1,0.0,4.2,3
2025-12-18,2.9,7.8,0.0,11.4,3
2025-12-19,4.5,8.0,0.6,11.7,51
2025-12-20,3.9,6.6,0.1,8.7,51
2025-12-21,2.2,5.2,0.0,12.4,3
2025-12-22,1.4,3.9,0.0,14.0,3
2025-12-23,2.7,3.9,0.0,21.6,3
2025-12-24,-0.2,1.9,0.0,29.5,3
2025-12-25,-1.3,2.1,0.0,23.8,1
2025-12-26,-1.3,3.5,0.0,12.6,2
2025-12-27,-1.2,3.9,0.0,9.8,3
2025-12-28,-1.1,2.3,0.0,9.7,3
2025-12-29,-3.2,0.2,0.0,14.2,3
2025-12-30,-0.6,2.1,0.0,15.1,3
2025-12-31,-2.3,1.0,0.0,20.0,3
2026-01-01,-0.3,0.5,0.2,25.4,71
2026-01-02,0.0,1.4,4.7,28.4,75
2026-01-03,-1.8,-0.7,0.7,22.4,73
2026-01-04,-2.9,-1.1,0.0,19.5,3
2026-01-05,-5.1,-2.8,0.0,10.7,3
2026-01-06,-5.4,-3.7,0.6,7.8,71
2026-01-07,-5.7,-3.6,0.3,11.3,73
2026-01-08,-1.4,0.4,2.0,15.0,73
2026-01-09,2.6,6.0,12.3,25.1,73
2026-01-10,-0.7,1.3,5.2,19.3,73
2026-01-11,-5.5,-1.5,0.0,12.3,3
2026-01-12,-0.5,3.5,5.1,15.0,73
2026-01-13,3.9,7.1,3.5,17.1,55
2026-01-14,4.7,9.1,0.8,17.3,51
2026-01-15,5.4,10.6,3.0,13.0,53
2026-01-16,3.1,8.4,0.0,13.1,3
2026-01-17,-0.2,1.7,0.0,11.7,3
2026-01-18,1.2,5.1,0.0,14.9,3
2026-01-19,-0.2,5.1,0.0,11.6,0
2026-01-20,-1.5,3.1,0.0,8.9,1
2026-01-21,-2.9,1.9,0.0,8.7,0
2026-01-22,-5.3,-1.7,0.0,10.3,3
2026-01-23,-3.6,0.7,0.0,10.0,3
2026-01-24,-3.6,-0.7,0.1,10.3,71
2026-01-25,-2.5,-0.1,2.1,9.9,73
2026-01-26,-1.2,-0.3,17.4,17.8,75
2026-01-27,-0.0,1.5,0.8,11.6,51
2026-01-28,1.0,1.5,5.5,15.0,71
2026-01-29,-0.1,0.4,6.5,12.2,73
2026-01-30,-0.2,1.3,0.1,9.7,71
2026-01-31,0.6,1.8,0.0,10.8,3
2026-02-01,0.6,2.2,0.1,9.6,51
2026-02-02,-0.3,1.1,0.4,16.5,73
2026-02-03,-0.7,1.3,2.3,14.5,73
2026-02-04,-0.8,3.7,0.0,13.7,3
2026-02-05,0.3,2.5,0.0,9.5,3
2026-02-06,0.3,2.1,0.8,9.2,51
2026-02-07,3.0,6.6,0.0,6.9,3
2026-02-08,2.8,5.5,0.0,9.5,3
2026-02-09,1.9,5.9,0.1,11.9,51
2026-02-10,2.6,7.0,0.2,11.5,51
2026-02-11,6.8,8.8,11.8,26.5,61
2026-02-12,6.9,10.7,7.5,28.4,61
2026-02-13,6.1,8.8,5.5,26.1,63
2026-02-14,1.9,3.6,0.0,17.4,71
2026-02-15,-0.1,1.8,0.3,16.1,73
2026-02-16,2.4,7.3,10.9,22.7,75
2026-02-17,2.6,6.0,5.1,21.7,73
2026-02-18,1.7,4.7,0.0,18.6,3
2026-02-19,0.3,1.0,11.0,17.6,75
2026-02-20,-0.6,2.0,0.2,14.5,51
2026-02-21,6.0,9.0,2.6,25.8,53
2026-02-22,9.4,11.6,6.1,27.4,61
2026-02-23,9.3,11.2,4.3,28.8,55
2026-02-24,8.5,11.9,1.7,20.4,53
2026-02-25,7.4,12.1,0.0,8.2,3
2026-02-26,8.1,14.2,0.0,9.0,3
2026-02-27,9.8,18.0,0.0,12.1,3
2026-02-28,9.6,14.6,0.0,19.2,3
2026-03-01,7.3,12.0,0.2,10.7,51
2026-03-02,5.8,13.0,0.0,10.1,1
2026-03-03,5.5,12.1,0.0,4.1,3
2026-03-04,5.5,12.8,0.0,6.1,3
2026-03-05,5.8,13.6,0.0,11.9,0
2026-03-06,6.0,14.0,0.0,8.0,3
2026-03-07,6.2,14.3,0.0,6.9,3
2026-03-08,6.2,14.3,0.0,6.7,3
2026-03-09,6.5,14.9,0.0,6.4,3
2026-03-10,8.0,16.7,3.6,14.1,63
2026-03-11,9.6,14.1,4.1,21.5,61
2026-03-12,7.6,11.5,0.6,14.2,51
2026-03-13,8.0,14.3,0.0,19.9,3
2026-03-14,7.2,10.9,5.8,16.5,55
2026-03-15,4.8,7.5,0.1,10.1,51
2026-03-16,4.1,7.6,2.9,24.5,71
2026-03-17,4.8,7.8,0.0,8.2,3
2026-03-18,5.8,13.0,0.0,19.5,2
2026-03-19,7.2,13.2,0.0,13.2,3
2026-03-20,6.3,12.5,0.0,9.8,3
2026-03-21,7.1,11.3,0.8,15.9,51
2026-03-22,7.2,13.5,0.0,19.0,3
2026-03-23,7.4,13.6,0.0,12.5,3
2026-03-24,8.1,14.5,0.0,15.7,3
2026-03-25,7.2,10.4,5.9,28.8,71
2026-03-26,3.2,7.0,3.8,17.6,75
2026-03-27,1.7,6.3,0.0,11.4,2
2026-03-28,0.7,6.6,2.5,14.7,73
2026-03-29,3.4,8.0,0.0,11.9,3
2026-03-30,4.4,8.3,7.1,27.2,73
2026-03-31,4.0,8.9,0.7,15.1,51
2026-04-01,4.3,8.3,0.1,11.7,51
2026-04-02,4.6,11.7,0.0,11.3,2
2026-04-03,7.6,12.5,0.7,18.2,51
2026-04-04,11.3,14.4,0.8,23.9,51
2026-04-05,12.4,19.1,0.0,26.8,3
2026-04-06,9.4,13.8,0.0,11.7,3
2026-04-07,8.5,15.2,0.0,14.6,3
2026-04-08,8.5,15.0,0.0,10.2,3
2026-04-09,8.7,15.2,0.2,8.3,51
2026-04-10,8.7,12.4,0.6,17.7,51
2026-04-11,9.6,16.0,0.7,14.4,51
2026-04-12,8.9,11.6,6.2,18.2,55
2026-04-13,9.4,13.4,2.6,12.0,53
2026-04-14,9.2,12.3,3.9,12.7,55
2026-04-15,10.3,15.1,0.0,9.6,3
2026-04-16,12.8,17.9,0.3,10.4,51
2026-04-17,13.1,19.9,0.0,6.7,3
2026-04-18,13.9,21.2,0.4,12.2,51
2026-04-19,10.8,14.1,1.2,20.0,53
2026-04-20,7.9,11.7,0.2,16.2,51
2026-04-21,8.0,12.3,1.0,18.7,51
2026-04-22,8.4,14.2,0.0,12.2,2
2026-04-23,10.3,18.5,0.0,13.3,3
2026-04-24,12.1,19.0,0.0,13.7,3
2026-04-25,12.6,19.6,0.0,13.6,3
2026-04-26,11.0,15.8,0.0,11.0,3
2026-04-27,10.6,17.7,0.0,12.9,3
2026-04-28,13.7,19.6,0.0,20.0,3
2026-04-29,11.7,16.8,0.0,21.9,1
2026-04-30,10.3,16.2,0.0,18.6,1
2026-05-01,13.5,20.9,0.0,14.9,0
2026-05-02,15.9,24.2,0.0,7.7,3
2026-05-03,17.0,23.9,0.0,17.1,3
2026-05-04,17.6,22.3,0.0,13.3,3
2026-05-05,16.0,21.8,11.2,22.2,63
2026-05-06,14.3,18.8,1.9,13.5,51
2026-05-07,10.5,12.4,9.5,15.5,61
2026-05-08,10.4,14.9,0.0,9.3,3
2026-05-09,12.5,18.5,0.3,11.3,51
2026-05-10,15.7,22.1,0.0,12.1,3
2026-05-11,12.4,17.4,4.7,27.1,61
2026-05-12,7.2,11.0,1.1,24.7,51
2026-05-13,8.7,13.4,5.6,22.8,61
2026-05-14,8.5,12.3,5.1,21.8,61
2026-05-15,7.8,12.1,4.7,10.0,61
2026-05-16,8.3,12.0,1.0,13.8,53
2026-05-17,10.8,16.2,0.6,12.6,51
2026-05-18,12.0,17.3,0.7,19.0,53
2026-05-19,13.2,18.4,0.6,13.0,51
2026-05-20,15.3,19.1,2.5,20.3,53
2026-05-21,17.0,22.3,0.0,11.6,3
2026-05-22,18.9,25.3,0.0,10.0,3
2026-05-23,21.5,28.9,0.0,10.0,3
2026-05-24,23.1,30.6,0.0,15.5,3
2026-05-25,22.2,28.4,0.0,11.2,0
2026-05-26,23.0,29.2,0.0,11.8,0
2026-05-27,22.7,29.3,0.0,17.5,1
2026-05-28,19.0,24.8,0.0,13.3,3
2026-05-29,20.3,28.3,0.0,9.2,3
2026-05-30,22.5,27.5,1.1,23.6,51
2026-05-31,20.2,25.7,5.1,17.5,61
2026-06-01,18.6,23.5,3.5,14.3,61
2026-06-02,18.1,24.7,2.6,16.8,61
2026-06-03,16.0,19.5,0.6,19.9,51
2026-06-04,16.7,21.6,3.7,23.2,55
2026-06-05,15.3,18.8,3.0,15.9,61
2026-06-06,16.4,21.7,0.6,14.1,53
2026-06-07,17.8,22.1,0.0,20.7,3
2026-06-08,18.2,25.8,0.8,15.5,53
2026-06-09,16.1,20.1,3.5,19.0,61
2026-06-10,13.5,16.9,2.0,16.5,53
2026-06-11,13.0,17.6,0.9,18.7,51
2026-06-12,14.1,18.0,6.6,20.9,53
2026-06-13,18.6,23.7,0.6,25.3,51
2026-06-14,15.3,18.3,0.3,21.7,51
2026-06-15,14.7,18.8,0.0,15.7,3
2026-06-16,16.7,23.5,3.9,20.5,61
2026-06-17,21.2,27.1,0.0,15.8,3
2026-06-18,24.5,31.2,0.0,9.9,2
2026-06-19,26.5,34.3,0.5,12.3,51
2026-06-20,26.7,33.1,0.3,26.4,51
2026-06-21,24.6,30.7,5.1,16.8,55
2026-06-22,25.3,32.6,2.7,13.7,61
2026-06-23,26.2,31.7,0.3,10.5,51
2026-06-24,27.4,33.8,0.1,9.0,51
2026-06-25,28.9,35.0,0.0,10.8,2
2026-06-26,30.3,36.5,0.0,12.2,2
2026-06-27,31.4,37.7,0.0,11.7,3
2026-06-28,31.7,37.6,0.1,13.1,51
2026-06-29,25.4,29.3,3.1,15.4,61
2026-06-30,23.2,28.1,4.5,10.8,63
2026-07-01,20.5,23.8,10.8,15.9,63
2026-07-02,21.4,27.3,0.0,20.5,3
2026-07-03,19.9,24.7,0.0,15.7,3
2026-07-04,20.5,27.2,0.0,17.6,3
2026-07-05,21.8,26.1,2.4,18.8,53
2026-07-06,21.2,26.7,0.1,20.6,51
2026-07-07,24.4,30.2,0.0,24.8,3
2026-07-08,21.7,24.6,0.0,17.5,3
2026-07-09,20.6,26.3,0.2,11.8,51
2026-07-10,22.0,29.2,0.0,16.5,3
2026-07-11,23.7,29.8,0.0,15.7,1
2026-07-12,24.1,30.4,0.0,16.2,3
2026-07-13,25.7,31.5,0.0,17.7,3
2026-07-14,24.4,30.0,1.6,18.1,53
2026-07-15,22.1,27.1,0.0,14.6,3
2026-07-16,23.6,29.8,0.0,11.5,3
2026-07-17,20.9,26.5,5.7,14.3,63
2026-07-18,20.9,26.2,2.2,15.6,55
2026-07-19,17.6,21.3,3.1,17.4,53
2026-07-20,15.9,19.7,0.0,12.9,3
2026-07-21,17.1,23.0,0.0,14.8,3
2026-07-22,17.5,22.6,0.0,18.3,3
2026-07-23,17.1,21.3,0.0,17.6,3
2026-07-24,18.1,25.1,0.0,10.8,3
2026-07-25,22.3,30.8,0.0,16.5,3
2026-07-26,23.2,29.7,0.0,27.6,2
2026-07-27,20.8,24.2,0.1,20.0,51
2026-07-28,20.8,27.3,0.0,11.6,1
2026-07-29,25.7,35.0,0.0,14.0,1
2026-07-30,28.4,37.6,1.2,31.2,55
2026-07-31,26.1,34.6,0.7,19.6,51
2026-08-01,23.1,26.8,5.2,14.3,63
2026-08-02,21.9,28.5,0.0,15.5,3
2026-08-03,26.3,35.2,1.4,14.7,53
2026-08-04,28.6,36.8,0.6,15.9,51
2026-08-05,28.0,33.4,1.5,22.5,55
2026-08-06,25.2,28.9,0.0,18.1,1
2026-08-07,21.2,26.2,0.0,10.8,3
2026-08-08,22.2,29.2,0.0,13.2,2
2026-08-09,25.8,34.9,0.2,19.6,51
2026-08-10,26.4,33.1,0.0,19.6,1
2026-08-11,22.7,27.7,0.0,15.1,2
2026-08-12,21.8,29.1,0.0,14.0,1
2026-08-13,24.1,31.6,0.0,12.5,0
2026-08-14,25.1,32.8,0.0,7.5,0
2026-08-15,26.8,35.7,0.0,13.7,3
2026-08-16,25.5,31.3,1.4,19.8,53
2026-08-17,20.4,23.3,0.6,20.7,51
2026-08-18,17.7,21.5,7.1,21.2,61
2026-08-19,20.0,24.9,12.1,22.0,63
2026-08-20,20.0,24.0,1.6,17.8,53
2026-08-21,17.1,21.8,5.3,15.0,61
2026-08-22,15.5,19.5,6.0,14.7,61
2026-08-23,15.3,21.9,0.0,13.1,3
2026-08-24,15.4,22.0,0.9,16.3,53
